abilities,attack,base_total,capture_rate,defense,height_m,hp,name,pokedex_number,sp_attack,sp_defense,speed,type1,type2,weight_kg,generation,is_legendary,num_abilities,type
"['Overgrow', 'Chlorophyll']",49,318,45,49,0.7,45,Bulbasaur,1,65,65,45,grass,poison,6.9,1,Non-legendary,2,grass_poison
"['Overgrow', 'Chlorophyll']",62,405,45,63,1.0,60,Ivysaur,2,80,80,60,grass,poison,13.0,1,Non-legendary,2,grass_poison
"['Overgrow', 'Chlorophyll']",100,625,45,123,2.0,80,Venusaur,3,122,120,80,grass,poison,100.0,1,Non-legendary,2,grass_poison
"['Blaze', 'Solar Power']",52,309,45,43,0.6,39,Charmander,4,60,50,65,fire,,8.5,1,Non-legendary,2,fire
"['Blaze', 'Solar Power']",64,405,45,58,1.1,58,Charmeleon,5,80,65,80,fire,,19.0,1,Non-legendary,2,fire
"['Blaze', 'Solar Power']",104,634,45,78,1.7,78,Charizard,6,159,115,100,fire,flying,90.5,1,Non-legendary,2,fire_flying
"['Torrent', 'Rain Dish']",48,314,45,65,0.5,44,Squirtle,7,50,64,43,water,,9.0,1,Non-legendary,2,water
"['Torrent', 'Rain Dish']",63,405,45,80,1.0,59,Wartortle,8,65,80,58,water,,22.5,1,Non-legendary,2,water
"['Torrent', 'Rain Dish']",103,630,45,120,1.6,79,Blastoise,9,135,115,78,water,,85.5,1,Non-legendary,2,water
"['Shield Dust', 'Run Away']",30,195,255,35,0.3,45,Caterpie,10,20,20,45,bug,,2.9,1,Non-legendary,2,bug
['Shed Skin'],20,205,120,55,0.7,50,Metapod,11,25,25,30,bug,,9.9,1,Non-legendary,1,bug
"['Compoundeyes', 'Tinted Lens']",45,395,45,50,1.1,60,Butterfree,12,90,80,70,bug,flying,32.0,1,Non-legendary,2,bug_flying
"['Shield Dust', 'Run Away']",35,195,255,30,0.3,40,Weedle,13,20,20,50,bug,poison,3.2,1,Non-legendary,2,bug_poison
['Shed Skin'],25,205,120,50,0.6,45,Kakuna,14,25,25,35,bug,poison,10.0,1,Non-legendary,1,bug_poison
"['Swarm', 'Sniper']",150,495,45,40,1.0,65,Beedrill,15,15,80,145,bug,poison,29.5,1,Non-legendary,2,bug_poison
"['Keen Eye', 'Tangled Feet', 'Big Pecks']",45,251,255,40,0.3,40,Pidgey,16,35,35,56,normal,flying,1.8,1,Non-legendary,3,normal_flying
"['Keen Eye', 'Tangled Feet', 'Big Pecks']",60,349,120,55,1.1,63,Pidgeotto,17,50,50,71,normal,flying,30.0,1,Non-legendary,3,normal_flying
"['Keen Eye', 'Tangled Feet', 'Big Pecks']",80,579,45,80,1.5,83,Pidgeot,18,135,80,121,normal,flying,39.5,1,Non-legendary,3,normal_flying
"['Run Away', 'Guts', 'Hustle', 'Gluttony', 'Hustle', 'Thick Fat']",56,253,255,35,0.3,30,Rattata,19,25,35,72,normal,dark,3.5,1,Non-legendary,6,normal_dark
"['Run Away', 'Guts', 'Hustle', 'Gluttony', 'Hustle', 'Thick Fat']",71,413,127,70,0.7,75,Raticate,20,40,80,77,normal,dark,18.5,1,Non-legendary,6,normal_dark
"['Keen Eye', 'Sniper']",60,262,255,30,0.3,40,Spearow,21,31,31,70,normal,flying,2.0,1,Non-legendary,2,normal_flying
"['Keen Eye', 'Sniper']",90,442,90,65,1.2,65,Fearow,22,61,61,100,normal,flying,38.0,1,Non-legendary,2,normal_flying
"['Intimidate', 'Shed Skin', 'Unnerve']",60,288,255,44,2.0,35,Ekans,23,40,54,55,poison,,6.9,1,Non-legendary,3,poison
"['Intimidate', 'Shed Skin', 'Unnerve']",95,448,90,69,3.5,60,Arbok,24,65,79,80,poison,,65.0,1,Non-legendary,3,poison
"['Static', 'Lightningrod']",55,320,190,40,0.4,35,Pikachu,25,50,50,90,electric,,6.0,1,Non-legendary,2,electric
"['Static', 'Lightningrod', 'Surge Surfer']",85,485,75,50,0.8,60,Raichu,26,95,85,110,electric,electric,30.0,1,Non-legendary,3,electric_electric
"['Sand Veil', 'Sand Rush', 'Snow Cloak', 'Slush Rush']",75,300,255,90,0.6,50,Sandshrew,27,10,35,40,ground,ice,12.0,1,Non-legendary,4,ground_ice
"['Sand Veil', 'Sand Rush', 'Snow Cloak', 'Slush Rush']",100,450,90,120,1.0,75,Sandslash,28,25,65,65,ground,ice,29.5,1,Non-legendary,4,ground_ice
"['Poison Point', 'Rivalry', 'Hustle']",47,275,235,52,0.4,55,Nidoran♀,29,40,40,41,poison,,7.0,1,Non-legendary,3,poison
"['Poison Point', 'Rivalry', 'Hustle']",62,365,120,67,0.8,70,Nidorina,30,55,55,56,poison,,20.0,1,Non-legendary,3,poison
"['Poison Point', 'Rivalry', 'Sheer Force']",92,505,45,87,1.3,90,Nidoqueen,31,75,85,76,poison,ground,60.0,1,Non-legendary,3,poison_ground
"['Poison Point', 'Rivalry', 'Hustle']",57,273,235,40,0.5,46,Nidoran♂,32,40,40,50,poison,,9.0,1,Non-legendary,3,poison
"['Poison Point', 'Rivalry', 'Hustle']",72,365,120,57,0.9,61,Nidorino,33,55,55,65,poison,,19.5,1,Non-legendary,3,poison
"['Poison Point', 'Rivalry', 'Sheer Force']",102,505,45,77,1.4,81,Nidoking,34,85,75,85,poison,ground,62.0,1,Non-legendary,3,poison_ground
"['Cute Charm', 'Magic Guard', 'Friend Guard']",45,323,150,48,0.6,70,Clefairy,35,60,65,35,fairy,,7.5,1,Non-legendary,3,fairy
"['Cute Charm', 'Magic Guard', 'Unaware']",70,483,25,73,1.3,95,Clefable,36,95,90,60,fairy,,40.0,1,Non-legendary,3,fairy
"['Flash Fire', 'Drought', 'Snow Cloak', 'Snow Warning']",41,299,190,40,0.6,38,Vulpix,37,50,65,65,fire,ice,9.9,1,Non-legendary,4,fire_ice
"['Flash Fire', 'Drought', 'Snow Cloak', 'Snow Warning']",67,505,75,75,1.1,73,Ninetales,38,81,100,109,fire,ice,19.9,1,Non-legendary,4,fire_ice
"['Cute Charm', 'Competitive', 'Friend Guard']",45,270,170,20,0.5,115,Jigglypuff,39,45,25,20,normal,fairy,5.5,1,Non-legendary,3,normal_fairy
"['Cute Charm', 'Competitive', 'Frisk']",70,435,50,45,1.0,140,Wigglytuff,40,85,50,45,normal,fairy,12.0,1,Non-legendary,3,normal_fairy
"['Inner Focus', 'Infiltrator']",45,245,255,35,0.8,40,Zubat,41,30,40,55,poison,flying,7.5,1,Non-legendary,2,poison_flying
"['Inner Focus', 'Infiltrator']",80,455,90,70,1.6,75,Golbat,42,65,75,90,poison,flying,55.0,1,Non-legendary,2,poison_flying
"['Chlorophyll', 'Run Away']",50,320,255,55,0.5,45,Oddish,43,75,65,30,grass,poison,5.4,1,Non-legendary,2,grass_poison
"['Chlorophyll', 'Stench']",65,395,120,70,0.8,60,Gloom,44,85,75,40,grass,poison,8.6,1,Non-legendary,2,grass_poison
"['Chlorophyll', 'Effect Spore']",80,490,45,85,1.2,75,Vileplume,45,110,90,50,grass,poison,18.6,1,Non-legendary,2,grass_poison
"['Effect Spore', 'Dry Skin', 'Damp']",70,285,190,55,0.3,35,Paras,46,45,55,25,bug,grass,5.4,1,Non-legendary,3,bug_grass
"['Effect Spore', 'Dry Skin', 'Damp']",95,405,75,80,1.0,60,Parasect,47,60,80,30,bug,grass,29.5,1,Non-legendary,3,bug_grass
"['Compoundeyes', 'Tinted Lens', 'Run Away']",55,305,190,50,1.0,60,Venonat,48,40,55,45,bug,poison,30.0,1,Non-legendary,3,bug_poison
"['Shield Dust', 'Tinted Lens', 'Wonder Skin ']",65,450,75,60,1.5,70,Venomoth,49,90,75,90,bug,poison,12.5,1,Non-legendary,3,bug_poison
"['Sand Veil', 'Arena Trap', 'Sand Force', 'Sand Veil', 'Tangling Hair', 'Sand Force']",55,265,255,30,0.2,10,Diglett,50,35,45,90,ground,ground,0.8,1,Non-legendary,6,ground_ground
"['Sand Veil', 'Arena Trap', 'Sand Force', 'Sand Veil', 'Tangling Hair', 'Sand Force']",100,425,50,60,0.7,35,Dugtrio,51,50,70,110,ground,ground,33.3,1,Non-legendary,6,ground_ground
"['Pickup', 'Technician', 'Unnerve', 'Pickup', 'Technician', 'Rattled']",35,290,255,35,0.4,40,Meowth,52,50,40,90,normal,dark,4.2,1,Non-legendary,6,normal_dark
"['Limber', 'Technician', 'Unnerve', 'Fur Coat', 'Technician', 'Rattled']",60,440,90,60,1.0,65,Persian,53,75,65,115,normal,dark,32.0,1,Non-legendary,6,normal_dark
"['Damp', 'Cloud Nine', 'Swift Swim']",52,320,190,48,0.8,50,Psyduck,54,65,50,55,water,,19.6,1,Non-legendary,3,water
"['Damp', 'Cloud Nine', 'Swift Swim']",82,500,75,78,1.7,80,Golduck,55,95,80,85,water,,76.6,1,Non-legendary,3,water
"['Vital Spirit', 'Anger Point', 'Defiant']",80,305,190,35,0.5,40,Mankey,56,35,45,70,fighting,,28.0,1,Non-legendary,3,fighting
"['Vital Spirit', 'Anger Point', 'Defiant']",105,455,75,60,1.0,65,Primeape,57,60,70,95,fighting,,32.0,1,Non-legendary,3,fighting
"['Intimidate', 'Flash Fire', 'Justified']",70,350,190,45,0.7,55,Growlithe,58,70,50,60,fire,,19.0,1,Non-legendary,3,fire
"['Intimidate', 'Flash Fire', 'Justified']",110,555,75,80,1.9,90,Arcanine,59,100,80,95,fire,,155.0,1,Non-legendary,3,fire
"['Water Absorb', 'Damp', 'Swift Swim']",50,300,255,40,0.6,40,Poliwag,60,40,40,90,water,,12.4,1,Non-legendary,3,water
"['Water Absorb', 'Damp', 'Swift Swim']",65,385,120,65,1.0,65,Poliwhirl,61,50,50,90,water,,20.0,1,Non-legendary,3,water
"['Water Absorb', 'Damp', 'Swift Swim']",95,510,45,95,1.3,90,Poliwrath,62,70,90,70,water,fighting,54.0,1,Non-legendary,3,water_fighting
"['Synchronize', 'Inner Focus', 'Magic Guard']",20,310,200,15,0.9,25,Abra,63,105,55,90,psychic,,19.5,1,Non-legendary,3,psychic
"['Synchronize', 'Inner Focus', 'Magic Guard']",35,400,100,30,1.3,40,Kadabra,64,120,70,105,psychic,,56.5,1,Non-legendary,3,psychic
"['Synchronize', 'Inner Focus', 'Magic Guard']",50,600,50,65,1.5,55,Alakazam,65,175,105,150,psychic,,48.0,1,Non-legendary,3,psychic
"['Guts', 'No Guard', 'Steadfast']",80,305,180,50,0.8,70,Machop,66,35,35,35,fighting,,19.5,1,Non-legendary,3,fighting
"['Guts', 'No Guard', 'Steadfast']",100,405,90,70,1.5,80,Machoke,67,50,60,45,fighting,,70.5,1,Non-legendary,3,fighting
"['Guts', 'No Guard', 'Steadfast']",130,505,45,80,1.6,90,Machamp,68,65,85,55,fighting,,130.0,1,Non-legendary,3,fighting
"['Chlorophyll', 'Gluttony']",75,300,255,35,0.7,50,Bellsprout,69,70,30,40,grass,poison,4.0,1,Non-legendary,2,grass_poison
"['Chlorophyll', 'Gluttony']",90,390,120,50,1.0,65,Weepinbell,70,85,45,55,grass,poison,6.4,1,Non-legendary,2,grass_poison
"['Chlorophyll', 'Gluttony']",105,490,45,65,1.7,80,Victreebel,71,100,70,70,grass,poison,15.5,1,Non-legendary,2,grass_poison
"['Clear Body', 'Liquid Ooze', 'Rain Dish']",40,335,190,35,0.9,40,Tentacool,72,50,100,70,water,poison,45.5,1,Non-legendary,3,water_poison
"['Clear Body', 'Liquid Ooze', 'Rain Dish']",70,515,60,65,1.6,80,Tentacruel,73,80,120,100,water,poison,55.0,1,Non-legendary,3,water_poison
"['Rock Head', 'Sturdy', 'Sand Veil', 'Magnet Pull', 'Sturdy', 'Galvanize']",80,300,255,100,0.4,40,Geodude,74,30,30,20,rock,ground,20.0,1,Non-legendary,6,rock_ground
"['Rock Head', 'Sturdy', 'Sand Veil', 'Magnet Pull', 'Sturdy', 'Galvanize']",95,390,120,115,1.0,55,Graveler,75,45,45,35,rock,ground,105.0,1,Non-legendary,6,rock_ground
"['Rock Head', 'Sturdy', 'Sand Veil', 'Magnet Pull', 'Sturdy', 'Galvanize']",120,495,45,130,1.4,80,Golem,76,55,65,45,rock,ground,300.0,1,Non-legendary,6,rock_ground
"['Run Away', 'Flash Fire', 'Flame Body']",85,410,190,55,1.0,50,Ponyta,77,65,65,90,fire,,30.0,1,Non-legendary,3,fire
"['Run Away', 'Flash Fire', 'Flame Body']",100,500,60,70,1.7,65,Rapidash,78,80,80,105,fire,,95.0,1,Non-legendary,3,fire
"['Oblivious', 'Own Tempo', 'Regenerator']",65,315,190,65,1.2,90,Slowpoke,79,40,40,15,water,psychic,36.0,1,Non-legendary,3,water_psychic
"['Oblivious', 'Own Tempo', 'Regenerator']",75,590,75,180,1.6,95,Slowbro,80,130,80,30,water,psychic,78.5,1,Non-legendary,3,water_psychic
"['Magnet Pull', 'Sturdy', 'Analytic']",35,325,190,70,0.3,25,Magnemite,81,95,55,45,electric,steel,6.0,1,Non-legendary,3,electric_steel
"['Magnet Pull', 'Sturdy', 'Analytic']",60,465,60,95,1.0,50,Magneton,82,120,70,70,electric,steel,60.0,1,Non-legendary,3,electric_steel
"['Keen Eye', 'Inner Focus', 'Defiant']",90,377,45,55,0.8,52,Farfetch'd,83,58,62,60,normal,flying,15.0,1,Non-legendary,3,normal_flying
"['Run Away', 'Early Bird', 'Tangled Feet']",85,310,190,45,1.4,35,Doduo,84,35,35,75,normal,flying,39.2,1,Non-legendary,3,normal_flying
"['Run Away', 'Early Bird', 'Tangled Feet']",110,470,45,70,1.8,60,Dodrio,85,60,60,110,normal,flying,85.2,1,Non-legendary,3,normal_flying
"['Thick Fat', 'Hydration', 'Ice Body']",45,325,190,55,1.1,65,Seel,86,45,70,45,water,,90.0,1,Non-legendary,3,water
"['Thick Fat', 'Hydration', 'Ice Body']",70,475,75,80,1.7,90,Dewgong,87,70,95,70,water,ice,120.0,1,Non-legendary,3,water_ice
"['Stench', 'Sticky Hold', 'Poison Touch', 'Poison Touch', 'Gluttony', 'Power of Alchemy']",80,325,190,50,0.9,80,Grimer,88,40,50,25,poison,poison,30.0,1,Non-legendary,6,poison_poison
"['Stench', 'Sticky Hold', 'Poison Touch', 'Poison Touch', 'Gluttony', 'Power of Alchemy']",105,500,75,75,1.2,105,Muk,89,65,100,50,poison,poison,30.0,1,Non-legendary,6,poison_poison
"['Shell Armor', 'Skill Link', 'Overcoat']",65,305,190,100,0.3,30,Shellder,90,45,25,40,water,,4.0,1,Non-legendary,3,water
"['Shell Armor', 'Skill Link', 'Overcoat']",95,525,60,180,1.5,50,Cloyster,91,85,45,70,water,ice,132.5,1,Non-legendary,3,water_ice
['Levitate'],35,310,190,30,1.3,30,Gastly,92,100,35,80,ghost,poison,0.1,1,Non-legendary,1,ghost_poison
['Levitate'],50,405,90,45,1.6,45,Haunter,93,115,55,95,ghost,poison,0.1,1,Non-legendary,1,ghost_poison
['Cursed Body'],65,600,45,80,1.5,60,Gengar,94,170,95,130,ghost,poison,40.5,1,Non-legendary,1,ghost_poison
"['Rock Head', 'Sturdy', 'Weak Armor']",45,385,45,160,8.8,35,Onix,95,30,45,70,rock,ground,210.0,1,Non-legendary,3,rock_ground
"['Insomnia', 'Forewarn', 'Inner Focus']",48,328,190,45,1.0,60,Drowzee,96,43,90,42,psychic,,32.4,1,Non-legendary,3,psychic
"['Insomnia', 'Forewarn', 'Inner Focus']",73,483,75,70,1.6,85,Hypno,97,73,115,67,psychic,,75.6,1,Non-legendary,3,psychic
"['Hyper Cutter', 'Shell Armor', 'Sheer Force']",105,325,225,90,0.4,30,Krabby,98,25,25,50,water,,6.5,1,Non-legendary,3,water
"['Hyper Cutter', 'Shell Armor', 'Sheer Force']",130,475,60,115,1.3,55,Kingler,99,50,50,75,water,,60.0,1,Non-legendary,3,water
"['Soundproof', 'Static', 'Aftermath']",30,330,190,50,0.5,40,Voltorb,100,55,55,100,electric,,10.4,1,Non-legendary,3,electric
"['Soundproof', 'Static', 'Aftermath']",50,490,60,70,1.2,60,Electrode,101,80,80,150,electric,,66.6,1,Non-legendary,3,electric
"['Chlorophyll', 'Harvest']",40,325,90,80,0.4,60,Exeggcute,102,60,45,40,grass,psychic,2.5,1,Non-legendary,2,grass_psychic
"['Chlorophyll', 'Harvest', 'Frisk', 'Harvest']",105,530,45,85,2.0,95,Exeggutor,103,125,75,45,grass,psychic,120.0,1,Non-legendary,4,grass_psychic
"['Rock Head', 'Lightningrod', 'Battle Armor']",50,320,190,95,0.4,50,Cubone,104,40,50,35,ground,,6.5,1,Non-legendary,3,ground
"['Rock Head', 'Lightningrod', 'Battle Armor', 'Cursed Body', 'Lightningrod', 'Rock Head']",80,425,75,110,1.0,60,Marowak,105,50,80,45,ground,fire,45.0,1,Non-legendary,6,ground_fire
"['Limber', 'Reckless', 'Unburden']",120,455,45,53,1.5,50,Hitmonlee,106,35,110,87,fighting,,49.8,1,Non-legendary,3,fighting
"['Keen Eye', 'Iron Fist', 'Inner Focus']",105,455,45,79,1.4,50,Hitmonchan,107,35,110,76,fighting,,50.2,1,Non-legendary,3,fighting
"['Own Tempo', 'Oblivious', 'Cloud Nine']",55,385,45,75,1.2,90,Lickitung,108,60,75,30,normal,,65.5,1,Non-legendary,3,normal
['Levitate'],65,340,190,95,0.6,40,Koffing,109,60,45,35,poison,,1.0,1,Non-legendary,1,poison
['Levitate'],90,490,60,120,1.2,65,Weezing,110,85,70,60,poison,,9.5,1,Non-legendary,1,poison
"['Lightningrod', 'Rock Head', 'Reckless']",85,345,120,95,1.0,80,Rhyhorn,111,30,30,25,ground,rock,115.0,1,Non-legendary,3,ground_rock
"['Lightningrod', 'Rock Head', 'Reckless']",130,485,60,120,1.9,105,Rhydon,112,45,45,40,ground,rock,120.0,1,Non-legendary,3,ground_rock
"['Natural Cure', 'Serene Grace', 'Healer']",5,450,30,5,1.1,250,Chansey,113,35,105,50,normal,,34.6,1,Non-legendary,3,normal
"['Chlorophyll', 'Leaf Guard', 'Regenerator']",55,435,45,115,1.0,65,Tangela,114,100,40,60,grass,,35.0,1,Non-legendary,3,grass
"['Early Bird', 'Scrappy', 'Inner Focus']",125,590,45,100,2.2,105,Kangaskhan,115,60,100,100,normal,,80.0,1,Non-legendary,3,normal
"['Swift Swim', 'Sniper', 'Damp']",40,295,225,70,0.4,30,Horsea,116,70,25,60,water,,8.0,1,Non-legendary,3,water
"['Poison Point', 'Sniper', 'Damp']",65,440,75,95,1.2,55,Seadra,117,95,45,85,water,,25.0,1,Non-legendary,3,water
"['Swift Swim', 'Water Veil', 'Lightningrod']",67,320,225,60,0.6,45,Goldeen,118,35,50,63,water,,15.0,1,Non-legendary,3,water
"['Swift Swim', 'Water Veil', 'Lightningrod']",92,450,60,65,1.3,80,Seaking,119,65,80,68,water,,39.0,1,Non-legendary,3,water
"['Illuminate', 'Natural Cure', 'Analytic']",45,340,225,55,0.8,30,Staryu,120,70,55,85,water,,34.5,1,Non-legendary,3,water
"['Illuminate', 'Natural Cure', 'Analytic']",75,520,60,85,1.1,60,Starmie,121,100,85,115,water,psychic,80.0,1,Non-legendary,3,water_psychic
"['Soundproof', 'Filter', 'Technician']",45,460,45,65,1.3,40,Mr. Mime,122,100,120,90,psychic,fairy,54.5,1,Non-legendary,3,psychic_fairy
"['Swarm', 'Technician', 'Steadfast']",110,500,45,80,1.5,70,Scyther,123,55,80,105,bug,flying,56.0,1,Non-legendary,3,bug_flying
"['Oblivious', 'Forewarn', 'Dry Skin']",50,455,45,35,1.4,65,Jynx,124,115,95,95,ice,psychic,40.6,1,Non-legendary,3,ice_psychic
"['Static', 'Vital Spirit']",83,490,45,57,1.1,65,Electabuzz,125,95,85,105,electric,,30.0,1,Non-legendary,2,electric
"['Flame Body', 'Vital Spirit']",95,495,45,57,1.3,65,Magmar,126,100,85,93,fire,,44.5,1,Non-legendary,2,fire
"['Hyper Cutter', 'Mold Breaker', 'Moxie']",155,600,45,120,1.5,65,Pinsir,127,65,90,105,bug,,55.0,1,Non-legendary,3,bug
"['Intimidate', 'Anger Point', 'Sheer Force']",100,490,45,95,1.4,75,Tauros,128,40,70,110,normal,,88.4,1,Non-legendary,3,normal
"['Swift Swim', 'Rattled']",10,200,255,55,0.9,20,Magikarp,129,15,20,80,water,,10.0,1,Non-legendary,2,water
"['Intimidate', 'Moxie']",155,640,45,109,6.5,95,Gyarados,130,70,130,81,water,flying,235.0,1,Non-legendary,2,water_flying
"['Water Absorb', 'Shell Armor', 'Hydration']",85,535,45,80,2.5,130,Lapras,131,85,95,60,water,ice,220.0,1,Non-legendary,3,water_ice
"['Limber', 'Imposter']",48,288,35,48,0.3,48,Ditto,132,48,48,48,normal,,4.0,1,Non-legendary,2,normal
"['Run Away', 'Adaptability', 'Anticipation']",55,325,45,50,0.3,55,Eevee,133,45,65,55,normal,,6.5,1,Non-legendary,3,normal
"['Water Absorb', 'Hydration']",65,525,45,60,1.0,130,Vaporeon,134,110,95,65,water,,29.0,1,Non-legendary,2,water
"['Volt Absorb', 'Quick Feet']",65,525,45,60,0.8,65,Jolteon,135,110,95,130,electric,,24.5,1,Non-legendary,2,electric
"['Flash Fire', 'Guts']",130,525,45,60,0.9,65,Flareon,136,95,110,65,fire,,25.0,1,Non-legendary,2,fire
"['Trace', 'Download', 'Analytic']",60,395,45,70,0.8,65,Porygon,137,85,75,40,normal,,36.5,1,Non-legendary,3,normal
"['Swift Swim', 'Shell Armor', 'Weak Armor']",40,355,45,100,0.4,35,Omanyte,138,90,55,35,rock,water,7.5,1,Non-legendary,3,rock_water
"['Swift Swim', 'Shell Armor', 'Weak Armor']",60,495,45,125,1.0,70,Omastar,139,115,70,55,rock,water,35.0,1,Non-legendary,3,rock_water
"['Swift Swim', 'Battle Armor', 'Weak Armor']",80,355,45,90,0.5,30,Kabuto,140,55,45,55,rock,water,11.5,1,Non-legendary,3,rock_water
"['Swift Swim', 'Battle Armor', 'Weak Armor']",115,495,45,105,1.3,60,Kabutops,141,65,70,80,rock,water,40.5,1,Non-legendary,3,rock_water
"['Rock Head', 'Pressure', 'Unnerve']",135,615,45,85,1.8,80,Aerodactyl,142,70,95,150,rock,flying,59.0,1,Non-legendary,3,rock_flying
"['Immunity', 'Thick Fat', 'Gluttony']",110,540,25,65,2.1,160,Snorlax,143,65,110,30,normal,,460.0,1,Non-legendary,3,normal
"['Pressure', 'Snow Cloak']",85,580,3,100,1.7,90,Articuno,144,95,125,85,ice,flying,55.4,1,Legendary,2,ice_flying
"['Pressure', 'Static']",90,580,3,85,1.6,90,Zapdos,145,125,90,100,electric,flying,52.6,1,Legendary,2,electric_flying
"['Pressure', 'Flame Body']",100,580,3,90,2.0,90,Moltres,146,125,85,90,fire,flying,60.0,1,Legendary,2,fire_flying
"['Shed Skin', 'Marvel Scale']",64,300,45,45,1.8,41,Dratini,147,50,50,50,dragon,,3.3,1,Non-legendary,2,dragon
"['Shed Skin', 'Marvel Scale']",84,420,45,65,4.0,61,Dragonair,148,70,70,70,dragon,,16.5,1,Non-legendary,2,dragon
"['Inner Focus', 'Multiscale']",134,600,45,95,2.2,91,Dragonite,149,100,100,80,dragon,flying,210.0,1,Non-legendary,2,dragon_flying
"['Pressure', 'Unnerve']",150,780,3,70,2.0,106,Mewtwo,150,194,120,140,psychic,,122.0,1,Legendary,2,psychic
['Synchronize'],100,600,45,100,0.4,100,Mew,151,100,100,100,psychic,,4.0,1,Legendary,1,psychic
"['Overgrow', 'Leaf Guard']",49,318,45,65,0.9,45,Chikorita,152,49,65,45,grass,,6.4,2,Non-legendary,2,grass
"['Overgrow', 'Leaf Guard']",62,405,45,80,1.2,60,Bayleef,153,63,80,60,grass,,15.8,2,Non-legendary,2,grass
"['Overgrow', 'Leaf Guard']",82,525,45,100,1.8,80,Meganium,154,83,100,80,grass,,100.5,2,Non-legendary,2,grass
"['Blaze', 'Flash Fire']",52,309,45,43,0.5,39,Cyndaquil,155,60,50,65,fire,,7.9,2,Non-legendary,2,fire
"['Blaze', 'Flash Fire']",64,405,45,58,0.9,58,Quilava,156,80,65,80,fire,,19.0,2,Non-legendary,2,fire
"['Blaze', 'Flash Fire']",84,534,45,78,1.7,78,Typhlosion,157,109,85,100,fire,,79.5,2,Non-legendary,2,fire
"['Torrent', 'Sheer Force']",65,314,45,64,0.6,50,Totodile,158,44,48,43,water,,9.5,2,Non-legendary,2,water
"['Torrent', 'Sheer Force']",80,405,45,80,1.1,65,Croconaw,159,59,63,58,water,,25.0,2,Non-legendary,2,water
"['Torrent', 'Sheer Force']",105,530,45,100,2.3,85,Feraligatr,160,79,83,78,water,,88.8,2,Non-legendary,2,water
"['Run Away', 'Keen Eye', 'Frisk']",46,215,255,34,0.8,35,Sentret,161,35,45,20,normal,,6.0,2,Non-legendary,3,normal
"['Run Away', 'Keen Eye', 'Frisk']",76,415,90,64,1.8,85,Furret,162,45,55,90,normal,,32.5,2,Non-legendary,3,normal
"['Insomnia', 'Keen Eye', 'Tinted Lens']",30,262,255,30,0.7,60,Hoothoot,163,36,56,50,normal,flying,21.2,2,Non-legendary,3,normal_flying
"['Insomnia', 'Keen Eye', 'Tinted Lens']",50,452,90,50,1.6,100,Noctowl,164,86,96,70,normal,flying,40.8,2,Non-legendary,3,normal_flying
"['Swarm', 'Early Bird', 'Rattled']",20,265,255,30,1.0,40,Ledyba,165,40,80,55,bug,flying,10.8,2,Non-legendary,3,bug_flying
"['Swarm', 'Early Bird', 'Iron Fist']",35,390,90,50,1.4,55,Ledian,166,55,110,85,bug,flying,35.6,2,Non-legendary,3,bug_flying
"['Swarm', 'Insomnia', 'Sniper']",60,250,255,40,0.5,40,Spinarak,167,40,40,30,bug,poison,8.5,2,Non-legendary,3,bug_poison
"['Swarm', 'Insomnia', 'Sniper']",90,400,90,70,1.1,70,Ariados,168,60,70,40,bug,poison,33.5,2,Non-legendary,3,bug_poison
"['Inner Focus', 'Infiltrator']",90,535,90,80,1.8,85,Crobat,169,70,80,130,poison,flying,75.0,2,Non-legendary,2,poison_flying
"['Volt Absorb', 'Illuminate', 'Water Absorb']",38,330,190,38,0.5,75,Chinchou,170,56,56,67,water,electric,12.0,2,Non-legendary,3,water_electric
"['Volt Absorb', 'Illuminate', 'Water Absorb']",58,460,75,58,1.2,125,Lanturn,171,76,76,67,water,electric,22.5,2,Non-legendary,3,water_electric
"['Static', 'Lightningrod']",40,205,190,15,0.3,20,Pichu,172,35,35,60,electric,,2.0,2,Non-legendary,2,electric
"['Cute Charm', 'Magic Guard', 'Friend Guard']",25,218,150,28,0.3,50,Cleffa,173,45,55,15,fairy,,3.0,2,Non-legendary,3,fairy
"['Cute Charm', 'Competitive', 'Friend Guard']",30,210,170,15,0.3,90,Igglybuff,174,40,20,15,normal,fairy,1.0,2,Non-legendary,3,normal_fairy
"['Hustle', 'Serene Grace', 'Super Luck']",20,245,190,65,0.3,35,Togepi,175,40,65,20,fairy,,1.5,2,Non-legendary,3,fairy
"['Hustle', 'Serene Grace', 'Super Luck']",40,405,75,85,0.6,55,Togetic,176,80,105,40,fairy,flying,3.2,2,Non-legendary,3,fairy_flying
"['Synchronize', 'Early Bird', 'Magic Bounce']",50,320,190,45,0.2,40,Natu,177,70,45,70,psychic,flying,2.0,2,Non-legendary,3,psychic_flying
"['Synchronize', 'Early Bird', 'Magic Bounce']",75,470,75,70,1.5,65,Xatu,178,95,70,95,psychic,flying,15.0,2,Non-legendary,3,psychic_flying
"['Static', 'Plus']",40,280,235,40,0.6,55,Mareep,179,65,45,35,electric,,7.8,2,Non-legendary,2,electric
"['Static', 'Plus']",55,365,120,55,0.8,70,Flaaffy,180,80,60,45,electric,,13.3,2,Non-legendary,2,electric
"['Static', 'Plus']",95,610,45,105,1.4,90,Ampharos,181,165,110,45,electric,,61.5,2,Non-legendary,2,electric
"['Chlorophyll', 'Healer']",80,490,45,95,0.4,75,Bellossom,182,90,100,50,grass,,5.8,2,Non-legendary,2,grass
"['Thick Fat', 'Huge Power', 'Sap Sipper']",20,250,190,50,0.4,70,Marill,183,20,50,40,water,fairy,8.5,2,Non-legendary,3,water_fairy
"['Thick Fat', 'Huge Power', 'Sap Sipper']",50,420,75,80,0.8,100,Azumarill,184,60,80,50,water,fairy,28.5,2,Non-legendary,3,water_fairy
"['Sturdy', 'Rock Head', 'Rattled']",100,410,65,115,1.2,70,Sudowoodo,185,30,65,30,rock,,38.0,2,Non-legendary,3,rock
"['Water Absorb', 'Damp', 'Drizzle']",75,500,45,75,1.1,90,Politoed,186,90,100,70,water,,33.9,2,Non-legendary,3,water
"['Chlorophyll', 'Leaf Guard', 'Infiltrator']",35,250,255,40,0.4,35,Hoppip,187,35,55,50,grass,flying,0.5,2,Non-legendary,3,grass_flying
"['Chlorophyll', 'Leaf Guard', 'Infiltrator']",45,340,120,50,0.6,55,Skiploom,188,45,65,80,grass,flying,1.0,2,Non-legendary,3,grass_flying
"['Chlorophyll', 'Leaf Guard', 'Infiltrator']",55,460,45,70,0.8,75,Jumpluff,189,55,95,110,grass,flying,3.0,2,Non-legendary,3,grass_flying
"['Run Away', 'Pickup', 'Skill Link']",70,360,45,55,0.8,55,Aipom,190,40,55,85,normal,,11.5,2,Non-legendary,3,normal
"['Chlorophyll', 'Solar Power', 'Early Bird']",30,180,235,30,0.3,30,Sunkern,191,30,30,30,grass,,1.8,2,Non-legendary,3,grass
"['Chlorophyll', 'Solar Power', 'Early Bird']",75,425,120,55,0.8,75,Sunflora,192,105,85,30,grass,,8.5,2,Non-legendary,3,grass
"['Speed Boost', 'Compoundeyes', 'Frisk']",65,390,75,45,1.2,65,Yanma,193,75,45,95,bug,flying,38.0,2,Non-legendary,3,bug_flying
"['Damp', 'Water Absorb', 'Unaware']",45,210,255,45,0.4,55,Wooper,194,25,25,15,water,ground,8.5,2,Non-legendary,3,water_ground
"['Damp', 'Water Absorb', 'Unaware']",85,430,90,85,1.4,95,Quagsire,195,65,65,35,water,ground,75.0,2,Non-legendary,3,water_ground
"['Synchronize', 'Magic Bounce']",65,525,45,60,0.9,65,Espeon,196,130,95,110,psychic,,26.5,2,Non-legendary,2,psychic
"['Synchronize', 'Inner Focus']",65,525,45,110,1.0,95,Umbreon,197,60,130,65,dark,,27.0,2,Non-legendary,2,dark
"['Insomnia', 'Super Luck', 'Prankster']",85,405,30,42,0.5,60,Murkrow,198,85,42,91,dark,flying,2.1,2,Non-legendary,3,dark_flying
"['Oblivious', 'Own Tempo', 'Regenerator']",75,490,70,80,2.0,95,Slowking,199,100,110,30,water,psychic,79.5,2,Non-legendary,3,water_psychic
['Levitate'],60,435,45,60,0.7,60,Misdreavus,200,85,85,85,ghost,,1.0,2,Non-legendary,1,ghost
['Levitate'],72,336,225,48,0.5,48,Unown,201,72,48,48,psychic,,5.0,2,Non-legendary,1,psychic
"['Shadow Tag', 'Telepathy']",33,405,45,58,1.3,190,Wobbuffet,202,33,58,33,psychic,,28.5,2,Non-legendary,2,psychic
"['Inner Focus', 'Early Bird', 'Sap Sipper']",80,455,60,65,1.5,70,Girafarig,203,90,65,85,normal,psychic,41.5,2,Non-legendary,3,normal_psychic
"['Sturdy', 'Overcoat']",65,290,190,90,0.6,50,Pineco,204,35,35,15,bug,,7.2,2,Non-legendary,2,bug
"['Sturdy', 'Overcoat']",90,465,75,140,1.2,75,Forretress,205,60,60,40,bug,steel,125.8,2,Non-legendary,2,bug_steel
"['Serene Grace', 'Run Away', 'Rattled']",70,415,190,70,1.5,100,Dunsparce,206,65,65,45,normal,,14.0,2,Non-legendary,3,normal
"['Hyper Cutter', 'Sand Veil', 'Immunity']",75,430,60,105,1.1,65,Gligar,207,35,65,85,ground,flying,64.8,2,Non-legendary,3,ground_flying
"['Rock Head', 'Sturdy', 'Sheer Force']",125,610,25,230,9.2,75,Steelix,208,55,95,30,steel,ground,400.0,2,Non-legendary,3,steel_ground
"['Intimidate', 'Run Away', 'Rattled']",80,300,190,50,0.6,60,Snubbull,209,40,40,30,fairy,,7.8,2,Non-legendary,3,fairy
"['Intimidate', 'Quick Feet', 'Rattled']",120,450,75,75,1.4,90,Granbull,210,60,60,45,fairy,,48.7,2,Non-legendary,3,fairy
"['Poison Point', 'Swift Swim', 'Intimidate']",95,440,45,85,0.5,65,Qwilfish,211,55,55,85,water,poison,3.9,2,Non-legendary,3,water_poison
"['Swarm', 'Technician', 'Light Metal']",150,600,25,140,1.8,70,Scizor,212,65,100,75,bug,steel,118.0,2,Non-legendary,3,bug_steel
"['Sturdy', 'Gluttony', 'Contrary']",10,505,190,230,0.6,20,Shuckle,213,10,230,5,bug,rock,20.5,2,Non-legendary,3,bug_rock
"['Swarm', 'Guts', 'Moxie']",185,600,45,115,1.5,80,Heracross,214,40,105,75,bug,fighting,54.0,2,Non-legendary,3,bug_fighting
"['Inner Focus', 'Keen Eye', 'Pickpocket']",95,430,60,55,0.9,55,Sneasel,215,35,75,115,dark,ice,28.0,2,Non-legendary,3,dark_ice
"['Pickup', 'Quick Feet', 'Honey Gather']",80,330,120,50,0.6,60,Teddiursa,216,50,50,40,normal,,8.8,2,Non-legendary,3,normal
"['Guts', 'Quick Feet', 'Unnerve']",130,500,60,75,1.8,90,Ursaring,217,75,75,55,normal,,125.8,2,Non-legendary,3,normal
"['Magma Armor', 'Flame Body', 'Weak Armor']",40,250,190,40,0.7,40,Slugma,218,70,40,20,fire,,35.0,2,Non-legendary,3,fire
"['Magma Armor', 'Flame Body', 'Weak Armor']",50,430,75,120,0.8,60,Magcargo,219,90,80,30,fire,rock,55.0,2,Non-legendary,3,fire_rock
"['Oblivious', 'Snow Cloak', 'Thick Fat']",50,250,225,40,0.4,50,Swinub,220,30,30,50,ice,ground,6.5,2,Non-legendary,3,ice_ground
"['Oblivious', 'Snow Cloak', 'Thick Fat']",100,450,75,80,1.1,100,Piloswine,221,60,60,50,ice,ground,55.8,2,Non-legendary,3,ice_ground
"['Hustle', 'Natural Cure', 'Regenerator']",55,410,60,95,0.6,65,Corsola,222,65,95,35,water,rock,5.0,2,Non-legendary,3,water_rock
"['Hustle', 'Sniper', 'Moody']",65,300,190,35,0.6,35,Remoraid,223,65,35,65,water,,12.0,2,Non-legendary,3,water
"['Suction Cups', 'Sniper', 'Moody']",105,480,75,75,0.9,75,Octillery,224,105,75,45,water,,28.5,2,Non-legendary,3,water
"['Vital Spirit', 'Hustle', 'Insomnia']",55,330,45,45,0.9,45,Delibird,225,65,45,75,ice,flying,16.0,2,Non-legendary,3,ice_flying
"['Swift Swim', 'Water Absorb', 'Water Veil']",40,485,25,70,2.1,85,Mantine,226,80,140,70,water,flying,220.0,2,Non-legendary,3,water_flying
"['Keen Eye', 'Sturdy', 'Weak Armor']",80,465,25,140,1.7,65,Skarmory,227,40,70,70,steel,flying,50.5,2,Non-legendary,3,steel_flying
"['Early Bird', 'Flash Fire', 'Unnerve']",60,330,120,30,0.6,45,Houndour,228,80,50,65,dark,fire,10.8,2,Non-legendary,3,dark_fire
"['Early Bird', 'Flash Fire', 'Unnerve']",90,600,45,90,1.4,75,Houndoom,229,140,90,115,dark,fire,35.0,2,Non-legendary,3,dark_fire
"['Swift Swim', 'Sniper', 'Damp']",95,540,45,95,1.8,75,Kingdra,230,95,95,85,water,dragon,152.0,2,Non-legendary,3,water_dragon
"['Pickup', 'Sand Veil']",60,330,120,60,0.5,90,Phanpy,231,40,40,40,ground,,33.5,2,Non-legendary,2,ground
"['Sturdy', 'Sand Veil']",120,500,60,120,1.1,90,Donphan,232,60,60,50,ground,,120.0,2,Non-legendary,2,ground
"['Trace', 'Download', 'Analytic']",80,515,45,90,0.6,85,Porygon2,233,105,95,60,normal,,32.5,2,Non-legendary,3,normal
"['Intimidate', 'Frisk', 'Sap Sipper']",95,465,45,62,1.4,73,Stantler,234,85,65,85,normal,,71.2,2,Non-legendary,3,normal
"['Own Tempo', 'Technician', 'Moody']",20,250,45,35,1.2,55,Smeargle,235,20,45,75,normal,,58.0,2,Non-legendary,3,normal
"['Guts', 'Steadfast', 'Vital Spirit']",35,210,75,35,0.7,35,Tyrogue,236,35,35,35,fighting,,21.0,2,Non-legendary,3,fighting
"['Intimidate', 'Technician', 'Steadfast']",95,455,45,95,1.4,50,Hitmontop,237,35,110,70,fighting,,48.0,2,Non-legendary,3,fighting
"['Oblivious', 'Forewarn', 'Hydration']",30,305,45,15,0.4,45,Smoochum,238,85,65,65,ice,psychic,6.0,2,Non-legendary,3,ice_psychic
"['Static', 'Vital Spirit']",63,360,45,37,0.6,45,Elekid,239,65,55,95,electric,,23.5,2,Non-legendary,2,electric
"['Flame Body', 'Vital Spirit']",75,365,45,37,0.7,45,Magby,240,70,55,83,fire,,21.4,2,Non-legendary,2,fire
"['Thick Fat', 'Scrappy', 'Sap Sipper']",80,490,45,105,1.2,95,Miltank,241,40,70,100,normal,,75.5,2,Non-legendary,3,normal
"['Natural Cure', 'Serene Grace', 'Healer']",10,540,30,10,1.5,255,Blissey,242,75,135,55,normal,,46.8,2,Non-legendary,3,normal
"['Pressure', 'Inner Focus']",85,580,3,75,1.9,90,Raikou,243,115,100,115,electric,,178.0,2,Legendary,2,electric
"['Pressure', 'Inner Focus']",115,580,3,85,2.1,115,Entei,244,90,75,100,fire,,198.0,2,Legendary,2,fire
"['Pressure', 'Inner Focus']",75,580,3,115,2.0,100,Suicune,245,90,115,85,water,,187.0,2,Legendary,2,water
"['Guts', 'Sand Veil']",64,300,45,50,0.6,50,Larvitar,246,45,50,41,rock,ground,72.0,2,Non-legendary,2,rock_ground
['Shed Skin'],84,410,45,70,1.2,70,Pupitar,247,65,70,51,rock,ground,152.0,2,Non-legendary,1,rock_ground
"['Sand Stream', 'Unnerve']",164,700,45,150,2.0,100,Tyranitar,248,95,120,71,rock,dark,202.0,2,Non-legendary,2,rock_dark
"['Pressure', 'Multiscale']",90,680,3,130,5.2,106,Lugia,249,90,154,110,psychic,flying,216.0,2,Legendary,2,psychic_flying
"['Pressure', 'Regenerator']",130,680,3,90,3.8,106,Ho-Oh,250,110,154,90,fire,flying,199.0,2,Legendary,2,fire_flying
['Natural Cure'],100,600,45,100,0.6,100,Celebi,251,100,100,100,psychic,grass,5.0,2,Legendary,1,psychic_grass
"['Overgrow', 'Unburden']",45,310,45,35,0.5,40,Treecko,252,65,55,70,grass,,5.0,3,Non-legendary,2,grass
"['Overgrow', 'Unburden']",65,405,45,45,0.9,50,Grovyle,253,85,65,95,grass,,21.6,3,Non-legendary,2,grass
"['Overgrow', 'Unburden']",110,630,45,75,1.7,70,Sceptile,254,145,85,145,grass,,52.2,3,Non-legendary,2,grass
"['Blaze', 'Speed Boost']",60,310,45,40,0.4,45,Torchic,255,70,50,45,fire,,2.5,3,Non-legendary,2,fire
"['Blaze', 'Speed Boost']",85,405,45,60,0.9,60,Combusken,256,85,60,55,fire,fighting,19.5,3,Non-legendary,2,fire_fighting
"['Blaze', 'Speed Boost']",160,630,45,80,1.9,80,Blaziken,257,130,80,100,fire,fighting,52.0,3,Non-legendary,2,fire_fighting
"['Torrent', 'Damp']",70,310,45,50,0.4,50,Mudkip,258,50,50,40,water,,7.6,3,Non-legendary,2,water
"['Torrent', 'Damp']",85,405,45,70,0.7,70,Marshtomp,259,60,70,50,water,ground,28.0,3,Non-legendary,2,water_ground
"['Torrent', 'Damp']",150,635,45,110,1.5,100,Swampert,260,95,110,70,water,ground,81.9,3,Non-legendary,2,water_ground
"['Run Away', 'Quick Feet', 'Rattled']",55,220,255,35,0.5,35,Poochyena,261,30,30,35,dark,,13.6,3,Non-legendary,3,dark
"['Intimidate', 'Quick Feet', 'Moxie']",90,420,127,70,1.0,70,Mightyena,262,60,60,70,dark,,37.0,3,Non-legendary,3,dark
"['Pickup', 'Gluttony', 'Quick Feet']",30,240,255,41,0.4,38,Zigzagoon,263,30,41,60,normal,,17.5,3,Non-legendary,3,normal
"['Pickup', 'Gluttony', 'Quick Feet']",70,420,90,61,0.5,78,Linoone,264,50,61,100,normal,,32.5,3,Non-legendary,3,normal
"['Shield Dust', 'Run Away']",45,195,255,35,0.3,45,Wurmple,265,20,30,20,bug,,3.6,3,Non-legendary,2,bug
['Shed Skin'],35,205,120,55,0.6,50,Silcoon,266,25,25,15,bug,,10.0,3,Non-legendary,1,bug
"['Swarm', 'Rivalry']",70,395,45,50,1.0,60,Beautifly,267,100,50,65,bug,flying,28.4,3,Non-legendary,2,bug_flying
['Shed Skin'],35,205,120,55,0.7,50,Cascoon,268,25,25,15,bug,,11.5,3,Non-legendary,1,bug
"['Shield Dust', 'Compoundeyes']",50,385,45,70,1.2,60,Dustox,269,50,90,65,bug,poison,31.6,3,Non-legendary,2,bug_poison
"['Swift Swim', 'Rain Dish', 'Own Tempo']",30,220,255,30,0.5,40,Lotad,270,40,50,30,water,grass,2.6,3,Non-legendary,3,water_grass
"['Swift Swim', 'Rain Dish', 'Own Tempo']",50,340,120,50,1.2,60,Lombre,271,60,70,50,water,grass,32.5,3,Non-legendary,3,water_grass
"['Swift Swim', 'Rain Dish', 'Own Tempo']",70,480,45,70,1.5,80,Ludicolo,272,90,100,70,water,grass,55.0,3,Non-legendary,3,water_grass
"['Chlorophyll', 'Early Bird', 'Pickpocket']",40,220,255,50,0.5,40,Seedot,273,30,30,30,grass,,4.0,3,Non-legendary,3,grass
"['Chlorophyll', 'Early Bird', 'Pickpocket']",70,340,120,40,1.0,70,Nuzleaf,274,60,40,60,grass,dark,28.0,3,Non-legendary,3,grass_dark
"['Chlorophyll', 'Early Bird', 'Pickpocket']",100,480,45,60,1.3,90,Shiftry,275,90,60,80,grass,dark,59.6,3,Non-legendary,3,grass_dark
"['Guts', 'Scrappy']",55,270,200,30,0.3,40,Taillow,276,30,30,85,normal,flying,2.3,3,Non-legendary,2,normal_flying
"['Guts', 'Scrappy']",85,455,45,60,0.7,60,Swellow,277,75,50,125,normal,flying,19.8,3,Non-legendary,2,normal_flying
"['Keen Eye', 'Hydration', 'Rain Dish']",30,270,190,30,0.6,40,Wingull,278,55,30,85,water,flying,9.5,3,Non-legendary,3,water_flying
"['Keen Eye', 'Drizzle', 'Rain Dish']",50,440,45,100,1.2,60,Pelipper,279,95,70,65,water,flying,28.0,3,Non-legendary,3,water_flying
"['Synchronize', 'Trace', 'Telepathy']",25,198,235,25,0.4,28,Ralts,280,45,35,40,psychic,fairy,6.6,3,Non-legendary,3,psychic_fairy
"['Synchronize', 'Trace', 'Telepathy']",35,278,120,35,0.8,38,Kirlia,281,65,55,50,psychic,fairy,20.2,3,Non-legendary,3,psychic_fairy
"['Synchronize', 'Trace', 'Telepathy']",85,618,45,65,1.6,68,Gardevoir,282,165,135,100,psychic,fairy,48.4,3,Non-legendary,3,psychic_fairy
"['Swift Swim', 'Rain Dish']",30,269,200,32,0.5,40,Surskit,283,50,52,65,bug,water,1.7,3,Non-legendary,2,bug_water
"['Intimidate', 'Unnerve']",60,454,75,62,0.8,70,Masquerain,284,100,82,80,bug,flying,3.6,3,Non-legendary,2,bug_flying
"['Effect Spore', 'Poison Heal', 'Quick Feet']",40,295,255,60,0.4,60,Shroomish,285,40,60,35,grass,,4.5,3,Non-legendary,3,grass
"['Effect Spore', 'Poison Heal', 'Technician']",130,460,90,80,1.2,60,Breloom,286,60,60,70,grass,fighting,39.2,3,Non-legendary,3,grass_fighting
['Truant'],60,280,255,60,0.8,60,Slakoth,287,35,35,30,normal,,24.0,3,Non-legendary,1,normal
['Vital Spirit'],80,440,120,80,1.4,80,Vigoroth,288,55,55,90,normal,,46.5,3,Non-legendary,1,normal
['Truant'],160,670,45,100,2.0,150,Slaking,289,95,65,100,normal,,130.5,3,Non-legendary,1,normal
"['Compoundeyes', 'Run Away']",45,266,255,90,0.5,31,Nincada,290,30,30,40,bug,ground,5.5,3,Non-legendary,2,bug_ground
"['Speed Boost', 'Infiltrator']",90,456,120,45,0.8,61,Ninjask,291,50,50,160,bug,flying,12.0,3,Non-legendary,2,bug_flying
['Wonder Guard'],90,236,45,45,0.8,1,Shedinja,292,30,30,40,bug,ghost,1.2,3,Non-legendary,1,bug_ghost
"['Soundproof', 'Rattled']",51,240,190,23,0.6,64,Whismur,293,51,23,28,normal,,16.3,3,Non-legendary,2,normal
"['Soundproof', 'Scrappy']",71,360,120,43,1.0,84,Loudred,294,71,43,48,normal,,40.5,3,Non-legendary,2,normal
"['Soundproof', 'Scrappy']",91,490,45,63,1.5,104,Exploud,295,91,73,68,normal,,84.0,3,Non-legendary,2,normal
"['Thick Fat', 'Guts', 'Sheer Force']",60,237,180,30,1.0,72,Makuhita,296,20,30,25,fighting,,86.4,3,Non-legendary,3,fighting
"['Thick Fat', 'Guts', 'Sheer Force']",120,474,200,60,2.3,144,Hariyama,297,40,60,50,fighting,,253.8,3,Non-legendary,3,fighting
"['Thick Fat', 'Huge Power', 'Sap Sipper']",20,190,150,40,0.2,50,Azurill,298,20,40,20,normal,fairy,2.0,3,Non-legendary,3,normal_fairy
"['Sturdy', 'Magnet Pull', 'Sand Force']",45,375,255,135,1.0,30,Nosepass,299,45,90,30,rock,,97.0,3,Non-legendary,3,rock
"['Cute Charm', 'Normalize', 'Wonder Skin ']",45,260,255,45,0.6,50,Skitty,300,35,35,50,normal,,11.0,3,Non-legendary,3,normal
"['Cute Charm', 'Normalize', 'Wonder Skin ']",65,400,60,65,1.1,70,Delcatty,301,55,55,90,normal,,32.6,3,Non-legendary,3,normal
"['Keen Eye', 'Stall', 'Prankster']",85,480,45,125,0.5,50,Sableye,302,85,115,20,dark,ghost,11.0,3,Non-legendary,3,dark_ghost
"['Hyper Cutter', 'Intimidate', 'Sheer Force']",105,480,45,125,0.6,50,Mawile,303,55,95,50,steel,fairy,11.5,3,Non-legendary,3,steel_fairy
"['Sturdy', 'Rock Head', 'Heavy Metal']",70,330,180,100,0.4,50,Aron,304,40,40,30,steel,rock,60.0,3,Non-legendary,3,steel_rock
"['Sturdy', 'Rock Head', 'Heavy Metal']",90,430,90,140,0.9,60,Lairon,305,50,50,40,steel,rock,120.0,3,Non-legendary,3,steel_rock
"['Sturdy', 'Rock Head', 'Heavy Metal']",140,630,45,230,2.1,70,Aggron,306,60,80,50,steel,rock,360.0,3,Non-legendary,3,steel_rock
"['Pure Power', 'Telepathy']",40,280,180,55,0.6,30,Meditite,307,40,55,60,fighting,psychic,11.2,3,Non-legendary,2,fighting_psychic
"['Pure Power', 'Telepathy']",100,510,90,85,1.3,60,Medicham,308,80,85,100,fighting,psychic,31.5,3,Non-legendary,2,fighting_psychic
"['Static', 'Lightningrod', 'Minus']",45,295,120,40,0.6,40,Electrike,309,65,40,65,electric,,15.2,3,Non-legendary,3,electric
"['Static', 'Lightningrod', 'Minus']",75,575,45,80,1.5,70,Manectric,310,135,80,135,electric,,40.2,3,Non-legendary,3,electric
"['Plus', 'Lightningrod']",50,405,200,40,0.4,60,Plusle,311,85,75,95,electric,,4.2,3,Non-legendary,2,electric
"['Minus', 'Volt Absorb']",40,405,200,50,0.4,60,Minun,312,75,85,95,electric,,4.2,3,Non-legendary,2,electric
"['Illuminate', 'Swarm', 'Prankster']",73,430,150,75,0.7,65,Volbeat,313,47,85,85,bug,,17.7,3,Non-legendary,3,bug
"['Oblivious', 'Tinted Lens', 'Prankster']",47,430,150,75,0.6,65,Illumise,314,73,85,85,bug,,17.7,3,Non-legendary,3,bug
"['Natural Cure', 'Poison Point', 'Leaf Guard']",60,400,150,45,0.3,50,Roselia,315,100,80,65,grass,poison,2.0,3,Non-legendary,3,grass_poison
"['Liquid Ooze', 'Sticky Hold', 'Gluttony']",43,302,225,53,0.4,70,Gulpin,316,43,53,40,poison,,10.3,3,Non-legendary,3,poison
"['Liquid Ooze', 'Sticky Hold', 'Gluttony']",73,467,75,83,1.7,100,Swalot,317,73,83,55,poison,,80.0,3,Non-legendary,3,poison
"['Rough Skin', 'Speed Boost']",90,305,225,20,0.8,45,Carvanha,318,65,20,65,water,dark,20.8,3,Non-legendary,2,water_dark
"['Rough Skin', 'Speed Boost']",140,560,60,70,1.8,70,Sharpedo,319,110,65,105,water,dark,88.8,3,Non-legendary,2,water_dark
"['Water Veil', 'Oblivious', 'Pressure']",70,400,125,35,2.0,130,Wailmer,320,70,35,60,water,,130.0,3,Non-legendary,3,water
"['Water Veil', 'Oblivious', 'Pressure']",90,500,60,45,14.5,170,Wailord,321,90,45,60,water,,398.0,3,Non-legendary,3,water
"['Oblivious', 'Simple', 'Own Tempo']",60,305,255,40,0.7,60,Numel,322,65,45,35,fire,ground,24.0,3,Non-legendary,3,fire_ground
"['Magma Armor', 'Solid Rock', 'Anger Point']",120,560,150,100,1.9,70,Camerupt,323,145,105,20,fire,ground,220.0,3,Non-legendary,3,fire_ground
"['White Smoke', 'Drought', 'Shell Armor']",85,470,90,140,0.5,70,Torkoal,324,85,70,20,fire,,80.4,3,Non-legendary,3,fire
"['Thick Fat', 'Own Tempo', 'Gluttony']",25,330,255,35,0.7,60,Spoink,325,70,80,60,psychic,,30.6,3,Non-legendary,3,psychic
"['Thick Fat', 'Own Tempo', 'Gluttony']",45,470,60,65,0.9,80,Grumpig,326,90,110,80,psychic,,71.5,3,Non-legendary,3,psychic
"['Own Tempo', 'Tangled Feet', 'Contrary']",60,360,255,60,1.1,60,Spinda,327,60,60,60,normal,,5.0,3,Non-legendary,3,normal
"['Hyper Cutter', 'Arena Trap', 'Sheer Force']",100,290,255,45,0.7,45,Trapinch,328,45,45,10,ground,,15.0,3,Non-legendary,3,ground
['Levitate'],70,340,120,50,1.1,50,Vibrava,329,50,50,70,ground,dragon,15.3,3,Non-legendary,1,ground_dragon
['Levitate'],100,520,45,80,2.0,80,Flygon,330,80,80,100,ground,dragon,82.0,3,Non-legendary,1,ground_dragon
"['Sand Veil', 'Water Absorb']",85,335,190,40,0.4,50,Cacnea,331,85,40,35,grass,,51.3,3,Non-legendary,2,grass
"['Sand Veil', 'Water Absorb']",115,475,60,60,1.3,70,Cacturne,332,115,60,55,grass,dark,77.4,3,Non-legendary,2,grass_dark
"['Natural Cure', 'Cloud Nine']",40,310,255,60,0.4,45,Swablu,333,40,75,50,normal,flying,1.2,3,Non-legendary,2,normal_flying
"['Natural Cure', 'Cloud Nine']",110,590,45,110,1.1,75,Altaria,334,110,105,80,dragon,flying,20.6,3,Non-legendary,2,dragon_flying
"['Immunity', 'Toxic Boost']",115,458,90,60,1.3,73,Zangoose,335,60,60,90,normal,,40.3,3,Non-legendary,2,normal
"['Shed Skin', 'Infiltrator']",100,458,90,60,2.7,73,Seviper,336,100,60,65,poison,,52.5,3,Non-legendary,2,poison
['Levitate'],55,460,45,65,1.0,90,Lunatone,337,95,85,70,rock,psychic,168.0,3,Non-legendary,1,rock_psychic
['Levitate'],95,460,45,85,1.2,90,Solrock,338,55,65,70,rock,psychic,154.0,3,Non-legendary,1,rock_psychic
"['Oblivious', 'Anticipation', 'Hydration']",48,288,190,43,0.4,50,Barboach,339,46,41,60,water,ground,1.9,3,Non-legendary,3,water_ground
"['Oblivious', 'Anticipation', 'Hydration']",78,468,75,73,0.9,110,Whiscash,340,76,71,60,water,ground,23.6,3,Non-legendary,3,water_ground
"['Hyper Cutter', 'Shell Armor', 'Adaptability']",80,308,205,65,0.6,43,Corphish,341,50,35,35,water,,11.5,3,Non-legendary,3,water
"['Hyper Cutter', 'Shell Armor', 'Adaptability']",120,468,155,85,1.1,63,Crawdaunt,342,90,55,55,water,dark,32.8,3,Non-legendary,3,water_dark
['Levitate'],40,300,255,55,0.5,40,Baltoy,343,40,70,55,ground,psychic,21.5,3,Non-legendary,1,ground_psychic
['Levitate'],70,500,90,105,1.5,60,Claydol,344,70,120,75,ground,psychic,108.0,3,Non-legendary,1,ground_psychic
"['Suction Cups', 'Storm Drain']",41,355,45,77,1.0,66,Lileep,345,61,87,23,rock,grass,23.8,3,Non-legendary,2,rock_grass
"['Suction Cups', 'Storm Drain']",81,495,45,97,1.5,86,Cradily,346,81,107,43,rock,grass,60.4,3,Non-legendary,2,rock_grass
"['Battle Armor', 'Swift Swim']",95,355,45,50,0.7,45,Anorith,347,40,50,75,rock,bug,12.5,3,Non-legendary,2,rock_bug
"['Battle Armor', 'Swift Swim']",125,495,45,100,1.5,75,Armaldo,348,70,80,45,rock,bug,68.2,3,Non-legendary,2,rock_bug
"['Swift Swim', 'Oblivious', 'Adaptability']",15,200,255,20,0.6,20,Feebas,349,10,55,80,water,,7.4,3,Non-legendary,3,water
"['Marvel Scale', 'Competitive', 'Cute Charm']",60,540,60,79,6.2,95,Milotic,350,100,125,81,water,,162.0,3,Non-legendary,3,water
['Forecast'],70,420,45,70,0.3,70,Castform,351,70,70,70,normal,,0.8,3,Non-legendary,1,normal
"['Color Change', 'Protean']",90,440,200,70,1.0,60,Kecleon,352,60,120,40,normal,,22.0,3,Non-legendary,2,normal
"['Insomnia', 'Frisk', 'Cursed Body']",75,295,225,35,0.6,44,Shuppet,353,63,33,45,ghost,,2.3,3,Non-legendary,3,ghost
"['Insomnia', 'Frisk', 'Cursed Body']",165,555,45,75,1.1,64,Banette,354,93,83,75,ghost,,12.5,3,Non-legendary,3,ghost
"['Levitate', 'Frisk']",40,295,190,90,0.8,20,Duskull,355,30,90,25,ghost,,15.0,3,Non-legendary,2,ghost
"['Pressure', 'Frisk']",70,455,90,130,1.6,40,Dusclops,356,60,130,25,ghost,,30.6,3,Non-legendary,2,ghost
"['Chlorophyll', 'Solar Power', 'Harvest']",68,460,200,83,2.0,99,Tropius,357,72,87,51,grass,flying,100.0,3,Non-legendary,3,grass_flying
['Levitate'],50,455,45,80,0.6,75,Chimecho,358,95,90,65,psychic,,1.0,3,Non-legendary,1,psychic
"['Pressure', 'Super Luck', 'Justified']",150,565,30,60,1.2,65,Absol,359,115,60,115,dark,,47.0,3,Non-legendary,3,dark
"['Shadow Tag', 'Telepathy']",23,260,125,48,0.6,95,Wynaut,360,23,48,23,psychic,,14.0,3,Non-legendary,2,psychic
"['Inner Focus', 'Ice Body', 'Moody']",50,300,190,50,0.7,50,Snorunt,361,50,50,50,ice,,16.8,3,Non-legendary,3,ice
"['Inner Focus', 'Ice Body', 'Moody']",120,580,75,80,1.5,80,Glalie,362,120,80,100,ice,,256.5,3,Non-legendary,3,ice
"['Thick Fat', 'Ice Body', 'Oblivious']",40,290,255,50,0.8,70,Spheal,363,55,50,25,ice,water,39.5,3,Non-legendary,3,ice_water
"['Thick Fat', 'Ice Body', 'Oblivious']",60,410,120,70,1.1,90,Sealeo,364,75,70,45,ice,water,87.6,3,Non-legendary,3,ice_water
"['Thick Fat', 'Ice Body', 'Oblivious']",80,530,45,90,1.4,110,Walrein,365,95,90,65,ice,water,150.6,3,Non-legendary,3,ice_water
"['Shell Armor', 'Rattled']",64,345,255,85,0.4,35,Clamperl,366,74,55,32,water,,52.5,3,Non-legendary,2,water
"['Swift Swim', 'Water Veil']",104,485,60,105,1.7,55,Huntail,367,94,75,52,water,,27.0,3,Non-legendary,2,water
"['Swift Swim', 'Hydration']",84,485,60,105,1.8,55,Gorebyss,368,114,75,52,water,,22.6,3,Non-legendary,2,water
"['Swift Swim', 'Rock Head', 'Sturdy']",90,485,25,130,1.0,100,Relicanth,369,45,65,55,water,rock,23.4,3,Non-legendary,3,water_rock
"['Swift Swim', 'Hydration']",30,330,225,55,0.6,43,Luvdisc,370,40,65,97,water,,8.7,3,Non-legendary,2,water
"['Rock Head', 'Sheer Force']",75,300,45,60,0.6,45,Bagon,371,40,30,50,dragon,,42.1,3,Non-legendary,2,dragon
"['Rock Head', 'Overcoat']",95,420,45,100,1.1,65,Shelgon,372,60,50,50,dragon,,110.5,3,Non-legendary,2,dragon
"['Intimidate', 'Moxie']",145,700,45,130,1.5,95,Salamence,373,120,90,120,dragon,flying,102.6,3,Non-legendary,2,dragon_flying
"['Clear Body', 'Light Metal']",55,300,3,80,0.6,40,Beldum,374,35,60,30,steel,psychic,95.2,3,Non-legendary,2,steel_psychic
"['Clear Body', 'Light Metal']",75,420,3,100,1.2,60,Metang,375,55,80,50,steel,psychic,202.5,3,Non-legendary,2,steel_psychic
"['Clear Body', 'Light Metal']",145,700,3,150,1.6,80,Metagross,376,105,110,110,steel,psychic,550.0,3,Non-legendary,2,steel_psychic
"['Clear Body', 'Sturdy']",100,580,3,200,1.7,80,Regirock,377,50,100,50,rock,,230.0,3,Legendary,2,rock
"['Clear Body', 'Ice Body']",50,580,3,100,1.8,80,Regice,378,100,200,50,ice,,175.0,3,Legendary,2,ice
"['Clear Body', 'Light Metal']",75,580,3,150,1.9,80,Registeel,379,75,150,50,steel,,205.0,3,Legendary,2,steel
['Levitate'],100,700,3,120,1.4,80,Latias,380,140,150,110,dragon,psychic,40.0,3,Legendary,1,dragon_psychic
['Levitate'],130,700,3,100,2.0,80,Latios,381,160,120,110,dragon,psychic,60.0,3,Legendary,1,dragon_psychic
['Drizzle'],150,770,3,90,4.5,100,Kyogre,382,180,160,90,water,,352.0,3,Legendary,1,water
['Drought'],180,770,3,160,3.5,100,Groudon,383,150,90,90,ground,,950.0,3,Legendary,1,ground
['Air Lock'],180,780,45,100,7.0,105,Rayquaza,384,180,100,115,dragon,flying,206.5,3,Legendary,1,dragon_flying
['Serene Grace'],100,600,3,100,0.3,100,Jirachi,385,100,100,100,steel,psychic,1.1,3,Legendary,1,steel_psychic
['Pressure'],95,600,3,90,1.7,50,Deoxys,386,95,90,180,psychic,,60.8,3,Legendary,1,psychic
"['Overgrow', 'Shell Armor']",68,318,45,64,0.4,55,Turtwig,387,45,55,31,grass,,10.2,4,Non-legendary,2,grass
"['Overgrow', 'Shell Armor']",89,405,45,85,1.1,75,Grotle,388,55,65,36,grass,,97.0,4,Non-legendary,2,grass
"['Overgrow', 'Shell Armor']",109,525,45,105,2.2,95,Torterra,389,75,85,56,grass,ground,310.0,4,Non-legendary,2,grass_ground
"['Blaze', 'Iron Fist']",58,309,45,44,0.5,44,Chimchar,390,58,44,61,fire,,6.2,4,Non-legendary,2,fire
"['Blaze', 'Iron Fist']",78,405,45,52,0.9,64,Monferno,391,78,52,81,fire,fighting,22.0,4,Non-legendary,2,fire_fighting
"['Blaze', 'Iron Fist']",104,534,45,71,1.2,76,Infernape,392,104,71,108,fire,fighting,55.0,4,Non-legendary,2,fire_fighting
"['Torrent', 'Defiant']",51,314,45,53,0.4,53,Piplup,393,61,56,40,water,,5.2,4,Non-legendary,2,water
"['Torrent', 'Defiant']",66,405,45,68,0.8,64,Prinplup,394,81,76,50,water,,23.0,4,Non-legendary,2,water
"['Torrent', 'Defiant']",86,530,45,88,1.7,84,Empoleon,395,111,101,60,water,steel,84.5,4,Non-legendary,2,water_steel
"['Keen Eye', 'Reckless']",55,245,255,30,0.3,40,Starly,396,30,30,60,normal,flying,2.0,4,Non-legendary,2,normal_flying
"['Intimidate', 'Reckless']",75,340,120,50,0.6,55,Staravia,397,40,40,80,normal,flying,15.5,4,Non-legendary,2,normal_flying
"['Intimidate', 'Reckless']",120,485,45,70,1.2,85,Staraptor,398,50,60,100,normal,flying,24.9,4,Non-legendary,2,normal_flying
"['Simple', 'Unaware', 'Moody']",45,250,255,40,0.5,59,Bidoof,399,35,40,31,normal,,20.0,4,Non-legendary,3,normal
"['Simple', 'Unaware', 'Moody']",85,410,127,60,1.0,79,Bibarel,400,55,60,71,normal,water,31.5,4,Non-legendary,3,normal_water
"['Shed Skin', 'Run Away']",25,194,255,41,0.3,37,Kricketot,401,25,41,25,bug,,2.2,4,Non-legendary,2,bug
"['Swarm', 'Technician']",85,384,45,51,1.0,77,Kricketune,402,55,51,65,bug,,25.5,4,Non-legendary,2,bug
"['Rivalry', 'Intimidate', 'Guts']",65,263,235,34,0.5,45,Shinx,403,40,34,45,electric,,9.5,4,Non-legendary,3,electric
"['Rivalry', 'Intimidate', 'Guts']",85,363,120,49,0.9,60,Luxio,404,60,49,60,electric,,30.5,4,Non-legendary,3,electric
"['Rivalry', 'Intimidate', 'Guts']",120,523,45,79,1.4,80,Luxray,405,95,79,70,electric,,42.0,4,Non-legendary,3,electric
"['Natural Cure', 'Poison Point', 'Leaf Guard']",30,280,255,35,0.2,40,Budew,406,50,70,55,grass,poison,1.2,4,Non-legendary,3,grass_poison
"['Natural Cure', 'Poison Point', 'Technician']",70,515,75,65,0.9,60,Roserade,407,125,105,90,grass,poison,14.5,4,Non-legendary,3,grass_poison
"['Mold Breaker', 'Sheer Force']",125,350,45,40,0.9,67,Cranidos,408,30,30,58,rock,,31.5,4,Non-legendary,2,rock
"['Mold Breaker', 'Sheer Force']",165,495,45,60,1.6,97,Rampardos,409,65,50,58,rock,,102.5,4,Non-legendary,2,rock
"['Sturdy', 'Soundproof']",42,350,45,118,0.5,30,Shieldon,410,42,88,30,rock,steel,57.0,4,Non-legendary,2,rock_steel
"['Sturdy', 'Soundproof']",52,495,45,168,1.3,60,Bastiodon,411,47,138,30,rock,steel,149.5,4,Non-legendary,2,rock_steel
"['Shed Skin', 'Overcoat']",29,224,120,45,0.2,40,Burmy,412,29,45,36,bug,,3.4,4,Non-legendary,2,bug
"['Anticipation', 'Overcoat']",69,424,45,95,0.5,60,Wormadam,413,69,95,36,bug,grass,6.5,4,Non-legendary,2,bug_grass
"['Swarm', 'Tinted Lens']",94,424,45,50,0.9,70,Mothim,414,94,50,66,bug,flying,23.3,4,Non-legendary,2,bug_flying
"['Honey Gather', 'Hustle']",30,244,120,42,0.3,30,Combee,415,30,42,70,bug,flying,5.5,4,Non-legendary,2,bug_flying
"['Pressure', 'Unnerve']",80,474,45,102,1.2,70,Vespiquen,416,80,102,40,bug,flying,38.5,4,Non-legendary,2,bug_flying
"['Run Away', 'Pickup', 'Volt Absorb']",45,405,200,70,0.4,60,Pachirisu,417,45,90,95,electric,,3.9,4,Non-legendary,3,electric
"['Swift Swim', 'Water Veil']",65,330,190,35,0.7,55,Buizel,418,60,30,85,water,,29.5,4,Non-legendary,2,water
"['Swift Swim', 'Water Veil']",105,495,75,55,1.1,85,Floatzel,419,85,50,115,water,,33.5,4,Non-legendary,2,water
['Chlorophyll'],35,275,190,45,0.4,45,Cherubi,420,62,53,35,grass,,3.3,4,Non-legendary,1,grass
['Flower Gift'],60,450,75,70,0.5,70,Cherrim,421,87,78,85,grass,,9.3,4,Non-legendary,1,grass
"['Sticky Hold', 'Storm Drain', 'Sand Force']",48,325,190,48,0.3,76,Shellos,422,57,62,34,water,,6.3,4,Non-legendary,3,water
"['Sticky Hold', 'Storm Drain', 'Sand Force']",83,475,75,68,0.9,111,Gastrodon,423,92,82,39,water,ground,29.9,4,Non-legendary,3,water_ground
"['Technician', 'Pickup', 'Skill Link']",100,482,45,66,1.2,75,Ambipom,424,60,66,115,normal,,20.3,4,Non-legendary,3,normal
"['Aftermath', 'Unburden', 'Flare Boost']",50,348,125,34,0.4,90,Drifloon,425,60,44,70,ghost,flying,1.2,4,Non-legendary,3,ghost_flying
"['Aftermath', 'Unburden', 'Flare Boost']",80,498,60,44,1.2,150,Drifblim,426,90,54,80,ghost,flying,15.0,4,Non-legendary,3,ghost_flying
"['Run Away', 'Klutz', 'Limber']",66,350,190,44,0.4,55,Buneary,427,44,56,85,normal,,5.5,4,Non-legendary,3,normal
"['Cute Charm', 'Klutz', 'Limber']",136,580,60,94,1.2,65,Lopunny,428,54,96,135,normal,,33.3,4,Non-legendary,3,normal
['Levitate'],60,495,45,60,0.9,60,Mismagius,429,105,105,105,ghost,,4.4,4,Non-legendary,1,ghost
"['Insomnia', 'Super Luck', 'Moxie']",125,505,30,52,0.9,100,Honchkrow,430,105,52,71,dark,flying,27.3,4,Non-legendary,3,dark_flying
"['Limber', 'Own Tempo', 'Keen Eye']",55,310,190,42,0.5,49,Glameow,431,42,37,85,normal,,3.9,4,Non-legendary,3,normal
"['Thick Fat', 'Own Tempo', 'Defiant']",82,452,75,64,1.0,71,Purugly,432,64,59,112,normal,,43.8,4,Non-legendary,3,normal
['Levitate'],30,285,120,50,0.2,45,Chingling,433,65,50,45,psychic,,0.6,4,Non-legendary,1,psychic
"['Stench', 'Aftermath', 'Keen Eye']",63,329,225,47,0.4,63,Stunky,434,41,41,74,poison,dark,19.2,4,Non-legendary,3,poison_dark
"['Stench', 'Aftermath', 'Keen Eye']",93,479,60,67,1.0,103,Skuntank,435,71,61,84,poison,dark,38.0,4,Non-legendary,3,poison_dark
"['Levitate', 'Heatproof', 'Heavy Metal']",24,300,255,86,0.5,57,Bronzor,436,24,86,23,steel,psychic,60.5,4,Non-legendary,3,steel_psychic
"['Levitate', 'Heatproof', 'Heavy Metal']",89,500,90,116,1.3,67,Bronzong,437,79,116,33,steel,psychic,187.0,4,Non-legendary,3,steel_psychic
"['Sturdy', 'Rock Head', 'Rattled']",80,290,255,95,0.5,50,Bonsly,438,10,45,10,rock,,15.0,4,Non-legendary,3,rock
"['Soundproof', 'Filter', 'Technician']",25,310,145,45,0.6,20,Mime Jr.,439,70,90,60,psychic,fairy,13.0,4,Non-legendary,3,psychic_fairy
"['Natural Cure', 'Serene Grace', 'Friend Guard']",5,220,130,5,0.6,100,Happiny,440,15,65,30,normal,,24.4,4,Non-legendary,3,normal
"['Keen Eye', 'Tangled Feet', 'Big Pecks']",65,411,30,45,0.5,76,Chatot,441,92,42,91,normal,flying,1.9,4,Non-legendary,3,normal_flying
"['Pressure', 'Infiltrator']",92,485,100,108,1.0,50,Spiritomb,442,92,108,35,ghost,dark,108.0,4,Non-legendary,2,ghost_dark
"['Sand Veil', 'Rough Skin']",70,300,45,45,0.7,58,Gible,443,40,45,42,dragon,ground,20.5,4,Non-legendary,2,dragon_ground
"['Sand Veil', 'Rough Skin']",90,410,45,65,1.4,68,Gabite,444,50,55,82,dragon,ground,56.0,4,Non-legendary,2,dragon_ground
"['Sand Veil', 'Rough Skin']",170,700,45,115,1.9,108,Garchomp,445,120,95,92,dragon,ground,95.0,4,Non-legendary,2,dragon_ground
"['Pickup', 'Thick Fat', 'Gluttony']",85,390,50,40,0.6,135,Munchlax,446,40,85,5,normal,,105.0,4,Non-legendary,3,normal
"['Steadfast', 'Inner Focus', 'Prankster']",70,285,75,40,0.7,40,Riolu,447,35,40,60,fighting,,20.2,4,Non-legendary,3,fighting
"['Steadfast', 'Inner Focus', 'Justified']",145,625,45,88,1.2,70,Lucario,448,140,70,112,fighting,steel,54.0,4,Non-legendary,3,fighting_steel
"['Sand Stream', 'Sand Force']",72,330,140,78,0.8,68,Hippopotas,449,38,42,32,ground,,49.5,4,Non-legendary,2,ground
"['Sand Stream', 'Sand Force']",112,525,60,118,2.0,108,Hippowdon,450,68,72,47,ground,,300.0,4,Non-legendary,2,ground
"['Battle Armor', 'Sniper', 'Keen Eye']",50,330,120,90,0.8,40,Skorupi,451,30,55,65,poison,bug,12.0,4,Non-legendary,3,poison_bug
"['Battle Armor', 'Sniper', 'Keen Eye']",90,500,45,110,1.3,70,Drapion,452,60,75,95,poison,dark,61.5,4,Non-legendary,3,poison_dark
"['Anticipation', 'Dry Skin', 'Poison Touch']",61,300,140,40,0.7,48,Croagunk,453,61,40,50,poison,fighting,23.0,4,Non-legendary,3,poison_fighting
"['Anticipation', 'Dry Skin', 'Poison Touch']",106,490,75,65,1.3,83,Toxicroak,454,86,65,85,poison,fighting,44.4,4,Non-legendary,3,poison_fighting
['Levitate'],100,454,200,72,1.4,74,Carnivine,455,90,72,46,grass,,27.0,4,Non-legendary,1,grass
"['Swift Swim', 'Storm Drain', 'Water Veil']",49,330,190,56,0.4,49,Finneon,456,49,61,66,water,,7.0,4,Non-legendary,3,water
"['Swift Swim', 'Storm Drain', 'Water Veil']",69,460,75,76,1.2,69,Lumineon,457,69,86,91,water,,24.0,4,Non-legendary,3,water
"['Swift Swim', 'Water Absorb', 'Water Veil']",20,345,25,50,1.0,45,Mantyke,458,60,120,50,water,flying,65.0,4,Non-legendary,3,water_flying
"['Snow Warning', 'Soundproof']",62,334,120,50,1.0,60,Snover,459,62,60,40,grass,ice,50.5,4,Non-legendary,2,grass_ice
"['Snow Warning', 'Soundproof']",132,594,60,105,2.2,90,Abomasnow,460,132,105,30,grass,ice,135.5,4,Non-legendary,2,grass_ice
"['Pressure', 'Pickpocket']",120,510,45,65,1.1,70,Weavile,461,45,85,125,dark,ice,34.0,4,Non-legendary,2,dark_ice
"['Magnet Pull', 'Sturdy', 'Analytic']",70,535,30,115,1.2,70,Magnezone,462,130,90,60,electric,steel,180.0,4,Non-legendary,3,electric_steel
"['Own Tempo', 'Oblivious', 'Cloud Nine']",85,515,30,95,1.7,110,Lickilicky,463,80,95,50,normal,,140.0,4,Non-legendary,3,normal
"['Lightningrod', 'Solid Rock', 'Reckless']",140,535,30,130,2.4,115,Rhyperior,464,55,55,40,ground,rock,282.8,4,Non-legendary,3,ground_rock
"['Chlorophyll', 'Leaf Guard', 'Regenerator']",100,535,30,125,2.0,100,Tangrowth,465,110,50,50,grass,,128.6,4,Non-legendary,3,grass
"['Motor Drive', 'Vital Spirit']",123,540,30,67,1.8,75,Electivire,466,95,85,95,electric,,138.6,4,Non-legendary,2,electric
"['Flame Body', 'Vital Spirit']",95,540,30,67,1.6,75,Magmortar,467,125,95,83,fire,,68.0,4,Non-legendary,2,fire
"['Hustle', 'Serene Grace', 'Super Luck']",50,545,30,95,1.5,85,Togekiss,468,120,115,80,fairy,flying,38.0,4,Non-legendary,3,fairy_flying
"['Speed Boost', 'Tinted Lens', 'Frisk']",76,515,30,86,1.9,86,Yanmega,469,116,56,95,bug,flying,51.5,4,Non-legendary,3,bug_flying
"['Leaf Guard', 'Chlorophyll']",110,525,45,130,1.0,65,Leafeon,470,60,65,95,grass,,25.5,4,Non-legendary,2,grass
"['Snow Cloak', 'Ice Body']",60,525,45,110,0.8,65,Glaceon,471,130,95,65,ice,,25.9,4,Non-legendary,2,ice
"['Hyper Cutter', 'Sand Veil', 'Poison Heal']",95,510,30,125,2.0,75,Gliscor,472,45,75,95,ground,flying,42.5,4,Non-legendary,3,ground_flying
"['Oblivious', 'Snow Cloak', 'Thick Fat']",130,530,50,80,2.5,110,Mamoswine,473,70,60,80,ice,ground,291.0,4,Non-legendary,3,ice_ground
"['Adaptability', 'Download', 'Analytic']",80,535,30,70,0.9,85,Porygon-Z,474,135,75,90,normal,,34.0,4,Non-legendary,3,normal
"['Steadfast', 'Justified']",165,618,45,95,1.6,68,Gallade,475,65,115,110,psychic,fighting,52.0,4,Non-legendary,2,psychic_fighting
"['Sturdy', 'Magnet Pull', 'Sand Force']",55,525,60,145,1.4,60,Probopass,476,75,150,40,rock,steel,340.0,4,Non-legendary,3,rock_steel
"['Pressure', 'Frisk']",100,525,45,135,2.2,45,Dusknoir,477,65,135,45,ghost,,106.6,4,Non-legendary,2,ghost
"['Snow Cloak', 'Cursed Body']",80,480,75,70,1.3,70,Froslass,478,80,70,110,ice,ghost,26.6,4,Non-legendary,2,ice_ghost
['Levitate'],65,520,45,107,0.3,50,Rotom,479,105,107,86,electric,ghost,0.3,4,Non-legendary,1,electric_ghost
['Levitate'],75,580,3,130,0.3,75,Uxie,480,75,130,95,psychic,,0.3,4,Legendary,1,psychic
['Levitate'],105,580,3,105,0.3,80,Mesprit,481,105,105,80,psychic,,0.3,4,Legendary,1,psychic
['Levitate'],125,580,3,70,0.3,75,Azelf,482,125,70,115,psychic,,0.3,4,Legendary,1,psychic
"['Pressure', 'Telepathy']",120,680,3,120,5.4,100,Dialga,483,150,100,90,steel,dragon,683.0,4,Legendary,2,steel_dragon
"['Pressure', 'Telepathy']",120,680,3,100,4.2,90,Palkia,484,150,120,100,water,dragon,336.0,4,Legendary,2,water_dragon
"['Flash Fire', 'Flame Body']",90,600,3,106,1.7,91,Heatran,485,130,106,77,fire,steel,430.0,4,Legendary,2,fire_steel
['Slow Start'],160,670,3,110,3.7,110,Regigigas,486,80,110,100,normal,,420.0,4,Legendary,1,normal
"['Pressure', 'Telepathy', 'Levitate']",120,680,3,100,4.5,150,Giratina,487,120,100,90,ghost,dragon,750.0,4,Legendary,3,ghost_dragon
['Levitate'],70,600,3,120,1.5,120,Cresselia,488,75,130,85,psychic,,85.6,4,Legendary,1,psychic
['Hydration'],80,480,30,80,0.4,80,Phione,489,80,80,80,water,,3.1,4,Non-legendary,1,water
['Hydration'],100,600,3,100,0.3,100,Manaphy,490,100,100,100,water,,1.4,4,Legendary,1,water
['Bad Dreams'],90,600,3,90,1.5,70,Darkrai,491,135,90,125,dark,,50.5,4,Legendary,1,dark
"['Natural Cure', 'Serene Grace']",103,600,45,75,0.2,100,Shaymin,492,120,75,127,grass,grass,2.1,4,Legendary,2,grass_grass
['Multitype'],120,720,3,120,3.2,120,Arceus,493,120,120,120,normal,,320.0,4,Legendary,1,normal
['Victory Star'],100,600,3,100,0.4,100,Victini,494,100,100,100,psychic,fire,4.0,5,Legendary,1,psychic_fire
"['Overgrow', 'Contrary']",45,308,45,55,0.6,45,Snivy,495,45,55,63,grass,,8.1,5,Non-legendary,2,grass
"['Overgrow', 'Contrary']",60,413,45,75,0.8,60,Servine,496,60,75,83,grass,,16.0,5,Non-legendary,2,grass
"['Overgrow', 'Contrary']",75,528,45,95,3.3,75,Serperior,497,75,95,113,grass,,63.0,5,Non-legendary,2,grass
"['Blaze', 'Thick Fat']",63,308,45,45,0.5,65,Tepig,498,45,45,45,fire,,9.9,5,Non-legendary,2,fire
"['Blaze', 'Thick Fat']",93,418,45,55,1.0,90,Pignite,499,70,55,55,fire,fighting,55.5,5,Non-legendary,2,fire_fighting
"['Blaze', 'Reckless']",123,528,45,65,1.6,110,Emboar,500,100,65,65,fire,fighting,150.0,5,Non-legendary,2,fire_fighting
"['Torrent', 'Shell Armor']",55,308,45,45,0.5,55,Oshawott,501,63,45,45,water,,5.9,5,Non-legendary,2,water
"['Torrent', 'Shell Armor']",75,413,45,60,0.8,75,Dewott,502,83,60,60,water,,24.5,5,Non-legendary,2,water
"['Torrent', 'Shell Armor']",100,528,45,85,1.5,95,Samurott,503,108,70,70,water,,94.6,5,Non-legendary,2,water
"['Run Away', 'Keen Eye', 'Analytic']",55,255,255,39,0.5,45,Patrat,504,35,39,42,normal,,11.6,5,Non-legendary,3,normal
"['Illuminate', 'Keen Eye', 'Analytic']",85,420,255,69,1.1,60,Watchog,505,60,69,77,normal,,27.0,5,Non-legendary,3,normal
"['Vital Spirit', 'Pickup', 'Run Away']",60,275,255,45,0.4,45,Lillipup,506,25,45,55,normal,,4.1,5,Non-legendary,3,normal
"['Intimidate', 'Sand Rush', 'Scrappy']",80,370,120,65,0.9,65,Herdier,507,35,65,60,normal,,14.7,5,Non-legendary,3,normal
"['Intimidate', 'Sand Rush', 'Scrappy']",110,500,45,90,1.2,85,Stoutland,508,45,90,80,normal,,61.0,5,Non-legendary,3,normal
"['Limber', 'Unburden', 'Prankster']",50,281,255,37,0.4,41,Purrloin,509,50,37,66,dark,,10.1,5,Non-legendary,3,dark
"['Limber', 'Unburden', 'Prankster']",88,446,90,50,1.1,64,Liepard,510,88,50,106,dark,,37.5,5,Non-legendary,3,dark
"['Gluttony', 'Overgrow']",53,316,190,48,0.6,50,Pansage,511,53,48,64,grass,,10.5,5,Non-legendary,2,grass
"['Gluttony', 'Overgrow']",98,498,75,63,1.1,75,Simisage,512,98,63,101,grass,,30.5,5,Non-legendary,2,grass
"['Gluttony', 'Blaze']",53,316,190,48,0.6,50,Pansear,513,53,48,64,fire,,11.0,5,Non-legendary,2,fire
"['Gluttony', 'Blaze']",98,498,75,63,1.0,75,Simisear,514,98,63,101,fire,,28.0,5,Non-legendary,2,fire
"['Gluttony', 'Torrent']",53,316,190,48,0.6,50,Panpour,515,53,48,64,water,,13.5,5,Non-legendary,2,water
"['Gluttony', 'Torrent']",98,498,75,63,1.0,75,Simipour,516,98,63,101,water,,29.0,5,Non-legendary,2,water
"['Forewarn', 'Synchronize', 'Telepathy']",25,292,190,45,0.6,76,Munna,517,67,55,24,psychic,,23.3,5,Non-legendary,3,psychic
"['Forewarn', 'Synchronize', 'Telepathy']",55,487,75,85,1.1,116,Musharna,518,107,95,29,psychic,,60.5,5,Non-legendary,3,psychic
"['Big Pecks', 'Super Luck', 'Rivalry']",55,264,255,50,0.3,50,Pidove,519,36,30,43,normal,flying,2.1,5,Non-legendary,3,normal_flying
"['Big Pecks', 'Super Luck', 'Rivalry']",77,358,120,62,0.6,62,Tranquill,520,50,42,65,normal,flying,15.0,5,Non-legendary,3,normal_flying
"['Big Pecks', 'Super Luck', 'Rivalry']",115,488,45,80,1.2,80,Unfezant,521,65,55,93,normal,flying,29.0,5,Non-legendary,3,normal_flying
"['Lightningrod', 'Motor Drive', 'Sap Sipper']",60,295,190,32,0.8,45,Blitzle,522,50,32,76,electric,,29.8,5,Non-legendary,3,electric
"['Lightningrod', 'Motor Drive', 'Sap Sipper']",100,497,75,63,1.6,75,Zebstrika,523,80,63,116,electric,,79.5,5,Non-legendary,3,electric
"['Sturdy', 'Weak Armor', 'Sand Force']",75,280,255,85,0.4,55,Roggenrola,524,25,25,15,rock,,18.0,5,Non-legendary,3,rock
"['Sturdy', 'Weak Armor', 'Sand Force']",105,390,120,105,0.9,70,Boldore,525,50,40,20,rock,,102.0,5,Non-legendary,3,rock
"['Sturdy', 'Sand Stream', 'Sand Force']",135,515,45,130,1.7,85,Gigalith,526,60,80,25,rock,,260.0,5,Non-legendary,3,rock
"['Unaware', 'Klutz', 'Simple']",45,323,190,43,0.4,65,Woobat,527,55,43,72,psychic,flying,2.1,5,Non-legendary,3,psychic_flying
"['Unaware', 'Klutz', 'Simple']",57,425,45,55,0.9,67,Swoobat,528,77,55,114,psychic,flying,10.5,5,Non-legendary,3,psychic_flying
"['Sand Rush', 'Sand Force', 'Mold Breaker']",85,328,120,40,0.3,60,Drilbur,529,30,45,68,ground,,8.5,5,Non-legendary,3,ground
"['Sand Rush', 'Sand Force', 'Mold Breaker']",135,508,60,60,0.7,110,Excadrill,530,50,65,88,ground,steel,40.4,5,Non-legendary,3,ground_steel
"['Healer', 'Regenerator', 'Klutz']",60,545,255,126,1.1,103,Audino,531,80,126,50,normal,,31.0,5,Non-legendary,3,normal
"['Guts', 'Sheer Force', 'Iron Fist']",80,305,180,55,0.6,75,Timburr,532,25,35,35,fighting,,12.5,5,Non-legendary,3,fighting
"['Guts', 'Sheer Force', 'Iron Fist']",105,405,90,85,1.2,85,Gurdurr,533,40,50,40,fighting,,40.0,5,Non-legendary,3,fighting
"['Guts', 'Sheer Force', 'Iron Fist']",140,505,45,95,1.4,105,Conkeldurr,534,55,65,45,fighting,,87.0,5,Non-legendary,3,fighting
"['Swift Swim', 'Hydration', 'Water Absorb']",50,294,255,40,0.5,50,Tympole,535,50,40,64,water,,4.5,5,Non-legendary,3,water
"['Swift Swim', 'Hydration', 'Water Absorb']",65,384,120,55,0.8,75,Palpitoad,536,65,55,69,water,ground,17.0,5,Non-legendary,3,water_ground
"['Swift Swim', 'Poison Touch', 'Water Absorb']",95,509,45,75,1.5,105,Seismitoad,537,85,75,74,water,ground,62.0,5,Non-legendary,3,water_ground
"['Guts', 'Inner Focus', 'Mold Breaker']",100,465,45,85,1.3,120,Throh,538,30,85,45,fighting,,55.5,5,Non-legendary,3,fighting
"['Sturdy', 'Inner Focus', 'Mold Breaker']",125,465,45,75,1.4,75,Sawk,539,30,75,85,fighting,,51.0,5,Non-legendary,3,fighting
"['Swarm', 'Chlorophyll', 'Overcoat']",53,310,255,70,0.3,45,Sewaddle,540,40,60,42,bug,grass,2.5,5,Non-legendary,3,bug_grass
"['Leaf Guard', 'Chlorophyll', 'Overcoat']",63,380,120,90,0.5,55,Swadloon,541,50,80,42,bug,grass,7.3,5,Non-legendary,3,bug_grass
"['Swarm', 'Chlorophyll', 'Overcoat']",103,500,45,80,1.2,75,Leavanny,542,70,80,92,bug,grass,20.5,5,Non-legendary,3,bug_grass
"['Poison Point', 'Swarm', 'Speed Boost']",45,260,255,59,0.4,30,Venipede,543,30,39,57,bug,poison,5.3,5,Non-legendary,3,bug_poison
"['Poison Point', 'Swarm', 'Speed Boost']",55,360,120,99,1.2,40,Whirlipede,544,40,79,47,bug,poison,58.5,5,Non-legendary,3,bug_poison
"['Poison Point', 'Swarm', 'Speed Boost']",100,485,45,89,2.5,60,Scolipede,545,55,69,112,bug,poison,200.5,5,Non-legendary,3,bug_poison
"['Prankster', 'Infiltrator', 'Chlorophyll']",27,280,190,60,0.3,40,Cottonee,546,37,50,66,grass,fairy,0.6,5,Non-legendary,3,grass_fairy
"['Prankster', 'Infiltrator', 'Chlorophyll']",67,480,75,85,0.7,60,Whimsicott,547,77,75,116,grass,fairy,6.6,5,Non-legendary,3,grass_fairy
"['Chlorophyll', 'Own Tempo', 'Leaf Guard']",35,280,190,50,0.5,45,Petilil,548,70,50,30,grass,,6.6,5,Non-legendary,3,grass
"['Chlorophyll', 'Own Tempo', 'Leaf Guard']",60,480,75,75,1.1,70,Lilligant,549,110,75,90,grass,,16.3,5,Non-legendary,3,grass
"['Reckless', 'Rock Head', 'Adaptability', 'Mold Breaker']",92,460,25,65,1.0,70,Basculin,550,80,55,98,water,,18.0,5,Non-legendary,4,water
"['Intimidate', 'Moxie', 'Anger Point']",72,292,180,35,0.7,50,Sandile,551,35,35,65,ground,dark,15.2,5,Non-legendary,3,ground_dark
"['Intimidate', 'Moxie', 'Anger Point']",82,351,90,45,1.0,60,Krokorok,552,45,45,74,ground,dark,33.4,5,Non-legendary,3,ground_dark
"['Intimidate', 'Moxie', 'Anger Point']",117,519,45,80,1.5,95,Krookodile,553,65,70,92,ground,dark,96.3,5,Non-legendary,3,ground_dark
"['Hustle', 'Inner Focus']",90,315,120,45,0.6,70,Darumaka,554,15,45,50,fire,,37.5,5,Non-legendary,2,fire
"['Sheer Force', 'Zen Mode']",30,540,60,105,1.3,105,Darmanitan,555,140,105,55,fire,fire,92.9,5,Non-legendary,2,fire_fire
"['Water Absorb', 'Chlorophyll', 'Storm Drain']",86,461,255,67,1.0,75,Maractus,556,106,67,60,grass,,28.0,5,Non-legendary,3,grass
"['Sturdy', 'Shell Armor', 'Weak Armor']",65,325,190,85,0.3,50,Dwebble,557,35,35,55,bug,rock,14.5,5,Non-legendary,3,bug_rock
"['Sturdy', 'Shell Armor', 'Weak Armor']",105,485,75,125,1.4,70,Crustle,558,65,75,45,bug,rock,200.0,5,Non-legendary,3,bug_rock
"['Shed Skin', 'Moxie', 'Intimidate']",75,348,180,70,0.6,50,Scraggy,559,35,70,48,dark,fighting,11.8,5,Non-legendary,3,dark_fighting
"['Shed Skin', 'Moxie', 'Intimidate']",90,488,90,115,1.1,65,Scrafty,560,45,115,58,dark,fighting,30.0,5,Non-legendary,3,dark_fighting
"['Wonder Skin ', 'Magic Guard', 'Tinted Lens']",58,490,45,80,1.4,72,Sigilyph,561,103,80,97,psychic,flying,14.0,5,Non-legendary,3,psychic_flying
['Mummy'],30,303,190,85,0.5,38,Yamask,562,55,65,30,ghost,,1.5,5,Non-legendary,1,ghost
['Mummy'],50,483,90,145,1.7,58,Cofagrigus,563,95,105,30,ghost,,76.5,5,Non-legendary,1,ghost
"['Solid Rock', 'Sturdy', 'Swift Swim']",78,355,45,103,0.7,54,Tirtouga,564,53,45,22,water,rock,16.5,5,Non-legendary,3,water_rock
"['Solid Rock', 'Sturdy', 'Swift Swim']",108,495,45,133,1.2,74,Carracosta,565,83,65,32,water,rock,81.0,5,Non-legendary,3,water_rock
['Defeatist'],112,401,45,45,0.5,55,Archen,566,74,45,70,rock,flying,9.5,5,Non-legendary,1,rock_flying
['Defeatist'],140,567,45,65,1.4,75,Archeops,567,112,65,110,rock,flying,32.0,5,Non-legendary,1,rock_flying
"['Stench', 'Sticky Hold', 'Aftermath']",50,329,190,62,0.6,50,Trubbish,568,40,62,65,poison,,31.0,5,Non-legendary,3,poison
"['Stench', 'Weak Armor', 'Aftermath']",95,474,60,82,1.9,80,Garbodor,569,60,82,75,poison,,107.3,5,Non-legendary,3,poison
['Illusion'],65,330,75,40,0.7,40,Zorua,570,80,40,65,dark,,12.5,5,Non-legendary,1,dark
['Illusion'],105,510,45,60,1.6,60,Zoroark,571,120,60,105,dark,,81.1,5,Non-legendary,1,dark
"['Cute Charm', 'Technician', 'Skill Link']",50,300,255,40,0.4,55,Minccino,572,40,40,75,normal,,5.8,5,Non-legendary,3,normal
"['Cute Charm', 'Technician', 'Skill Link']",95,470,60,60,0.5,75,Cinccino,573,65,60,115,normal,,7.5,5,Non-legendary,3,normal
"['Frisk', 'Competitive', 'Shadow Tag']",30,290,200,50,0.4,45,Gothita,574,55,65,45,psychic,,5.8,5,Non-legendary,3,psychic
"['Frisk', 'Competitive', 'Shadow Tag']",45,390,100,70,0.7,60,Gothorita,575,75,85,55,psychic,,18.0,5,Non-legendary,3,psychic
"['Frisk', 'Competitive', 'Shadow Tag']",55,490,50,95,1.5,70,Gothitelle,576,95,110,65,psychic,,44.0,5,Non-legendary,3,psychic
"['Overcoat', 'Magic Guard', 'Regenerator']",30,290,200,40,0.3,45,Solosis,577,105,50,20,psychic,,1.0,5,Non-legendary,3,psychic
"['Overcoat', 'Magic Guard', 'Regenerator']",40,370,100,50,0.6,65,Duosion,578,125,60,30,psychic,,8.0,5,Non-legendary,3,psychic
"['Overcoat', 'Magic Guard', 'Regenerator']",65,490,50,75,1.0,110,Reuniclus,579,125,85,30,psychic,,20.1,5,Non-legendary,3,psychic
"['Keen Eye', 'Big Pecks', 'Hydration']",44,305,190,50,0.5,62,Ducklett,580,44,50,55,water,flying,5.5,5,Non-legendary,3,water_flying
"['Keen Eye', 'Big Pecks', 'Hydration']",87,473,45,63,1.3,75,Swanna,581,87,63,98,water,flying,24.2,5,Non-legendary,3,water_flying
"['Ice Body', 'Snow Cloak', 'Weak Armor']",50,305,255,50,0.4,36,Vanillite,582,65,60,44,ice,,5.7,5,Non-legendary,3,ice
"['Ice Body', 'Snow Cloak', 'Weak Armor']",65,395,120,65,1.1,51,Vanillish,583,80,75,59,ice,,41.0,5,Non-legendary,3,ice
"['Ice Body', 'Snow Warning', 'Weak Armor']",95,535,45,85,1.3,71,Vanilluxe,584,110,95,79,ice,,57.5,5,Non-legendary,3,ice
"['Chlorophyll', 'Sap Sipper', 'Serene Grace']",60,335,190,50,0.6,60,Deerling,585,40,50,75,normal,grass,19.5,5,Non-legendary,3,normal_grass
"['Chlorophyll', 'Sap Sipper', 'Serene Grace']",100,475,75,70,1.9,80,Sawsbuck,586,60,70,95,normal,grass,92.5,5,Non-legendary,3,normal_grass
"['Static', 'Motor Drive']",75,428,200,60,0.4,55,Emolga,587,75,60,103,electric,flying,5.0,5,Non-legendary,2,electric_flying
"['Swarm', 'Shed Skin', 'No Guard']",75,315,200,45,0.5,50,Karrablast,588,40,45,60,bug,,5.9,5,Non-legendary,3,bug
"['Swarm', 'Shell Armor', 'Overcoat']",135,495,75,105,1.0,70,Escavalier,589,60,105,20,bug,steel,33.0,5,Non-legendary,3,bug_steel
"['Effect Spore', 'Regenerator']",55,294,190,45,0.2,69,Foongus,590,55,55,15,grass,poison,1.0,5,Non-legendary,2,grass_poison
"['Effect Spore', 'Regenerator']",85,464,75,70,0.6,114,Amoonguss,591,85,80,30,grass,poison,10.5,5,Non-legendary,2,grass_poison
"['Water Absorb', 'Cursed Body', 'Damp']",40,335,190,50,1.2,55,Frillish,592,65,85,40,water,ghost,33.0,5,Non-legendary,3,water_ghost
"['Water Absorb', 'Cursed Body', 'Damp']",60,480,60,70,2.2,100,Jellicent,593,85,105,60,water,ghost,135.0,5,Non-legendary,3,water_ghost
"['Healer', 'Hydration', 'Regenerator']",75,470,75,80,1.2,165,Alomomola,594,40,45,65,water,,31.6,5,Non-legendary,3,water
"['Compoundeyes', 'Unnerve', 'Swarm']",47,319,190,50,0.1,50,Joltik,595,57,50,65,bug,electric,0.6,5,Non-legendary,3,bug_electric
"['Compoundeyes', 'Unnerve', 'Swarm']",77,472,75,60,0.8,70,Galvantula,596,97,60,108,bug,electric,14.3,5,Non-legendary,3,bug_electric
['Iron Barbs'],50,305,255,91,0.6,44,Ferroseed,597,24,86,10,grass,steel,18.8,5,Non-legendary,1,grass_steel
"['Iron Barbs', 'Anticipation']",94,489,90,131,1.0,74,Ferrothorn,598,54,116,20,grass,steel,110.0,5,Non-legendary,2,grass_steel
"['Plus', 'Minus', 'Clear Body']",55,300,130,70,0.3,40,Klink,599,45,60,30,steel,,21.0,5,Non-legendary,3,steel
"['Plus', 'Minus', 'Clear Body']",80,440,60,95,0.6,60,Klang,600,70,85,50,steel,,51.0,5,Non-legendary,3,steel
"['Plus', 'Minus', 'Clear Body']",100,520,30,115,0.6,60,Klinklang,601,70,85,90,steel,,81.0,5,Non-legendary,3,steel
['Levitate'],55,275,190,40,0.2,35,Tynamo,602,45,40,60,electric,,0.3,5,Non-legendary,1,electric
['Levitate'],85,405,60,70,1.2,65,Eelektrik,603,75,70,40,electric,,22.0,5,Non-legendary,1,electric
['Levitate'],115,515,30,80,2.1,85,Eelektross,604,105,80,50,electric,,80.5,5,Non-legendary,1,electric
"['Telepathy', 'Synchronize', 'Analytic']",55,335,255,55,0.5,55,Elgyem,605,85,55,30,psychic,,9.0,5,Non-legendary,3,psychic
"['Telepathy', 'Synchronize', 'Analytic']",75,485,90,75,1.0,75,Beheeyem,606,125,95,40,psychic,,34.5,5,Non-legendary,3,psychic
"['Flash Fire', 'Flame Body', 'Infiltrator']",30,275,190,55,0.3,50,Litwick,607,65,55,20,ghost,fire,3.1,5,Non-legendary,3,ghost_fire
"['Flash Fire', 'Flame Body', 'Infiltrator']",40,370,90,60,0.6,60,Lampent,608,95,60,55,ghost,fire,13.0,5,Non-legendary,3,ghost_fire
"['Flash Fire', 'Flame Body', 'Infiltrator']",55,520,45,90,1.0,60,Chandelure,609,145,90,80,ghost,fire,34.3,5,Non-legendary,3,ghost_fire
"['Rivalry', 'Mold Breaker', 'Unnerve']",87,320,75,60,0.6,46,Axew,610,30,40,57,dragon,,18.0,5,Non-legendary,3,dragon
"['Rivalry', 'Mold Breaker', 'Unnerve']",117,410,60,70,1.0,66,Fraxure,611,40,50,67,dragon,,36.0,5,Non-legendary,3,dragon
"['Rivalry', 'Mold Breaker', 'Unnerve']",147,540,45,90,1.8,76,Haxorus,612,60,70,97,dragon,,105.5,5,Non-legendary,3,dragon
"['Snow Cloak', 'Slush Rush', 'Rattled']",70,305,120,40,0.5,55,Cubchoo,613,60,40,40,ice,,8.5,5,Non-legendary,3,ice
"['Snow Cloak', 'Slush Rush', 'Swift Swim']",130,505,60,80,2.6,95,Beartic,614,70,80,50,ice,,260.0,5,Non-legendary,3,ice
['Levitate'],50,515,25,50,1.1,80,Cryogonal,615,95,135,105,ice,,148.0,5,Non-legendary,1,ice
"['Hydration', 'Shell Armor', 'Overcoat']",40,305,200,85,0.4,50,Shelmet,616,40,65,25,bug,,7.7,5,Non-legendary,3,bug
"['Hydration', 'Sticky Hold', 'Unburden']",70,495,75,40,0.8,80,Accelgor,617,100,60,145,bug,,25.3,5,Non-legendary,3,bug
"['Static', 'Limber', 'Sand Veil']",66,471,75,84,0.7,109,Stunfisk,618,81,99,32,ground,electric,11.0,5,Non-legendary,3,ground_electric
"['Inner Focus', 'Regenerator', 'Reckless']",85,350,180,50,0.9,45,Mienfoo,619,55,50,65,fighting,,20.0,5,Non-legendary,3,fighting
"['Inner Focus', 'Regenerator', 'Reckless']",125,510,45,60,1.4,65,Mienshao,620,95,60,105,fighting,,35.5,5,Non-legendary,3,fighting
"['Rough Skin', 'Sheer Force', 'Mold Breaker']",120,485,45,90,1.6,77,Druddigon,621,60,90,48,dragon,,139.0,5,Non-legendary,3,dragon
"['Iron Fist', 'Klutz', 'No Guard']",74,303,190,50,1.0,59,Golett,622,35,50,35,ground,ghost,92.0,5,Non-legendary,3,ground_ghost
"['Iron Fist', 'Klutz', 'No Guard']",124,483,90,80,2.8,89,Golurk,623,55,80,55,ground,ghost,330.0,5,Non-legendary,3,ground_ghost
"['Defiant', 'Inner Focus', 'Pressure']",85,340,120,70,0.5,45,Pawniard,624,40,40,60,dark,steel,10.2,5,Non-legendary,3,dark_steel
"['Defiant', 'Inner Focus', 'Pressure']",125,490,45,100,1.6,65,Bisharp,625,60,70,70,dark,steel,70.0,5,Non-legendary,3,dark_steel
"['Reckless', 'Sap Sipper', 'Soundproof']",110,490,45,95,1.6,95,Bouffalant,626,40,95,55,normal,,94.6,5,Non-legendary,3,normal
"['Keen Eye', 'Sheer Force', 'Hustle']",83,350,190,50,0.5,70,Rufflet,627,37,50,60,normal,flying,10.5,5,Non-legendary,3,normal_flying
"['Keen Eye', 'Sheer Force', 'Defiant']",123,510,60,75,1.5,100,Braviary,628,57,75,80,normal,flying,41.0,5,Non-legendary,3,normal_flying
"['Big Pecks', 'Overcoat', 'Weak Armor']",55,370,190,75,0.5,70,Vullaby,629,45,65,60,dark,flying,9.0,5,Non-legendary,3,dark_flying
"['Big Pecks', 'Overcoat', 'Weak Armor']",65,510,60,105,1.2,110,Mandibuzz,630,55,95,80,dark,flying,39.5,5,Non-legendary,3,dark_flying
"['Gluttony', 'Flash Fire', 'White Smoke']",97,484,90,66,1.4,85,Heatmor,631,105,66,65,fire,,58.0,5,Non-legendary,3,fire
"['Swarm', 'Hustle', 'Truant']",109,484,90,112,0.3,58,Durant,632,48,48,109,bug,steel,33.0,5,Non-legendary,3,bug_steel
['Hustle'],65,300,45,50,0.8,52,Deino,633,45,50,38,dark,dragon,17.3,5,Non-legendary,1,dark_dragon
['Hustle'],85,420,45,70,1.4,72,Zweilous,634,65,70,58,dark,dragon,50.0,5,Non-legendary,1,dark_dragon
['Levitate'],105,600,45,90,1.8,92,Hydreigon,635,125,90,98,dark,dragon,160.0,5,Non-legendary,1,dark_dragon
"['Flame Body', 'Swarm']",85,360,45,55,1.1,55,Larvesta,636,50,55,60,bug,fire,28.8,5,Non-legendary,2,bug_fire
"['Flame Body', 'Swarm']",60,550,15,65,1.6,85,Volcarona,637,135,105,100,bug,fire,46.0,5,Non-legendary,2,bug_fire
['Justified'],90,580,3,129,2.1,91,Cobalion,638,90,72,108,steel,fighting,250.0,5,Legendary,1,steel_fighting
['Justified'],129,580,3,90,1.9,91,Terrakion,639,72,90,108,rock,fighting,260.0,5,Legendary,1,rock_fighting
['Justified'],90,580,3,72,2.0,91,Virizion,640,90,129,108,grass,fighting,200.0,5,Legendary,1,grass_fighting
"['Prankster', 'Defiant', 'Regenerator']",100,580,3,80,1.5,79,Tornadus,641,110,90,121,flying,,63.0,5,Legendary,3,flying
"['Prankster', 'Defiant', 'Volt Absorb']",105,580,3,70,1.5,79,Thundurus,642,145,80,101,electric,flying,61.0,5,Legendary,3,electric_flying
['Turboblaze'],120,680,3,100,3.2,100,Reshiram,643,150,120,90,dragon,fire,330.0,5,Legendary,1,dragon_fire
['Teravolt'],150,680,3,120,2.9,100,Zekrom,644,120,100,90,dragon,electric,345.0,5,Legendary,1,dragon_electric
"['Sand Force', 'Sheer Force', 'Intimidate']",145,600,3,90,1.5,89,Landorus,645,105,80,91,ground,flying,68.0,5,Legendary,3,ground_flying
"['Pressure', 'Teravolt', 'Turboblaze']",120,700,3,90,3.0,125,Kyurem,646,170,100,95,dragon,ice,325.0,5,Legendary,3,dragon_ice
['Justified'],72,580,3,90,1.4,91,Keldeo,647,129,90,108,water,fighting,48.5,5,Legendary,1,water_fighting
['Serene Grace'],128,600,3,90,0.6,100,Meloetta,648,77,77,128,normal,psychic,6.5,5,Legendary,1,normal_psychic
['Download'],120,600,3,95,1.5,71,Genesect,649,120,95,99,bug,steel,82.5,5,Legendary,1,bug_steel
"['Overgrow', 'Bulletproof']",61,313,45,65,0.4,56,Chespin,650,48,45,38,grass,,9.0,6,Non-legendary,2,grass
"['Overgrow', 'Bulletproof']",78,405,45,95,0.7,61,Quilladin,651,56,58,57,grass,,29.0,6,Non-legendary,2,grass
"['Overgrow', 'Bulletproof']",107,530,45,122,1.6,88,Chesnaught,652,74,75,64,grass,fighting,90.0,6,Non-legendary,2,grass_fighting
"['Blaze', 'Magician']",45,307,45,40,0.4,40,Fennekin,653,62,60,60,fire,,9.4,6,Non-legendary,2,fire
"['Blaze', 'Magician']",59,409,45,58,1.0,59,Braixen,654,90,70,73,fire,,14.5,6,Non-legendary,2,fire
"['Blaze', 'Magician']",69,534,45,72,1.5,75,Delphox,655,114,100,104,fire,psychic,39.0,6,Non-legendary,2,fire_psychic
"['Torrent', 'Protean']",56,314,45,40,0.3,41,Froakie,656,62,44,71,water,,7.0,6,Non-legendary,2,water
"['Torrent', 'Protean']",63,405,45,52,0.6,54,Frogadier,657,83,56,97,water,,10.9,6,Non-legendary,2,water
"['Torrent', 'Protean', 'Battle Bond']",145,640,45,67,1.5,72,Greninja,658,153,71,132,water,dark,40.0,6,Non-legendary,3,water_dark
"['Pickup', 'Cheek Pouch', 'Huge Power']",36,237,255,38,0.4,38,Bunnelby,659,32,36,57,normal,,5.0,6,Non-legendary,3,normal
"['Pickup', 'Cheek Pouch', 'Huge Power']",56,423,127,77,1.0,85,Diggersby,660,50,77,78,normal,ground,42.4,6,Non-legendary,3,normal_ground
"['Big Pecks', 'Gale Wings']",50,278,255,43,0.3,45,Fletchling,661,40,38,62,normal,flying,1.7,6,Non-legendary,2,normal_flying
"['Flame Body', 'Gale Wings']",73,382,120,55,0.7,62,Fletchinder,662,56,52,84,fire,flying,16.0,6,Non-legendary,2,fire_flying
"['Flame Body', 'Gale Wings']",81,499,45,71,1.2,78,Talonflame,663,74,69,126,fire,flying,24.5,6,Non-legendary,2,fire_flying
"['Shield Dust', 'Compoundeyes', 'Friend Guard']",35,200,255,40,0.3,38,Scatterbug,664,27,25,35,bug,,2.5,6,Non-legendary,3,bug
"['Shed Skin', 'Friend Guard']",22,213,120,60,0.3,45,Spewpa,665,27,30,29,bug,,8.4,6,Non-legendary,2,bug
"['Shield Dust', 'Compoundeyes', 'Friend Guard']",52,411,45,50,1.2,80,Vivillon,666,90,50,89,bug,flying,17.0,6,Non-legendary,3,bug_flying
"['Rivalry', 'Unnerve', 'Moxie']",50,369,220,58,0.6,62,Litleo,667,73,54,72,fire,normal,13.5,6,Non-legendary,3,fire_normal
"['Rivalry', 'Unnerve', 'Moxie']",68,507,65,72,1.5,86,Pyroar,668,109,66,106,fire,normal,81.5,6,Non-legendary,3,fire_normal
"['Flower Veil', 'Symbiosis']",38,303,225,39,0.1,44,Flabébé,669,61,79,42,fairy,,0.1,6,Non-legendary,2,fairy
"['Flower Veil', 'Symbiosis']",65,551,120,67,0.2,74,Floette,670,125,128,92,fairy,,0.9,6,Non-legendary,2,fairy
"['Flower Veil', 'Symbiosis']",65,552,45,68,1.1,78,Florges,671,112,154,75,fairy,,10.0,6,Non-legendary,2,fairy
"['Sap Sipper', 'Grass Pelt']",65,350,200,48,0.9,66,Skiddo,672,62,57,52,grass,,31.0,6,Non-legendary,2,grass
"['Sap Sipper', 'Grass Pelt']",100,531,45,62,1.7,123,Gogoat,673,97,81,68,grass,,91.0,6,Non-legendary,2,grass
"['Iron Fist', 'Mold Breaker', 'Scrappy']",82,348,220,62,0.6,67,Pancham,674,46,48,43,fighting,,8.0,6,Non-legendary,3,fighting
"['Iron Fist', 'Mold Breaker', 'Scrappy']",124,495,65,78,2.1,95,Pangoro,675,69,71,58,fighting,dark,136.0,6,Non-legendary,3,fighting_dark
['Fur Coat'],80,472,160,60,1.2,75,Furfrou,676,65,90,102,normal,,28.0,6,Non-legendary,1,normal
"['Keen Eye', 'Infiltrator', 'Own Tempo']",48,355,190,54,0.3,62,Espurr,677,63,60,68,psychic,,3.5,6,Non-legendary,3,psychic
"['Keen Eye', 'Infiltrator', 'Prankster', 'Competitive']",48,466,75,76,0.6,74,Meowstic,678,83,81,104,psychic,,8.5,6,Non-legendary,4,psychic
['No Guard'],80,325,180,100,0.8,45,Honedge,679,35,37,28,steel,ghost,2.0,6,Non-legendary,1,steel_ghost
['No Guard'],110,448,90,150,0.8,59,Doublade,680,45,49,35,steel,ghost,4.5,6,Non-legendary,1,steel_ghost
['Stance Change'],150,520,45,50,1.7,60,Aegislash,681,150,50,60,steel,ghost,53.0,6,Non-legendary,1,steel_ghost
"['Healer', 'Aroma Veil']",52,341,200,60,0.2,78,Spritzee,682,63,65,23,fairy,,0.5,6,Non-legendary,2,fairy
"['Healer', 'Aroma Veil']",72,462,140,72,0.8,101,Aromatisse,683,99,89,29,fairy,,15.5,6,Non-legendary,2,fairy
"['Sweet Veil', 'Unburden']",48,341,200,66,0.4,62,Swirlix,684,59,57,49,fairy,,3.5,6,Non-legendary,2,fairy
"['Sweet Veil', 'Unburden']",80,480,140,86,0.8,82,Slurpuff,685,85,75,72,fairy,,5.0,6,Non-legendary,2,fairy
"['Contrary', 'Suction Cups', 'Infiltrator']",54,288,190,53,0.4,53,Inkay,686,37,46,45,dark,psychic,3.5,6,Non-legendary,3,dark_psychic
"['Contrary', 'Suction Cups', 'Infiltrator']",92,482,80,88,1.5,86,Malamar,687,68,75,73,dark,psychic,47.0,6,Non-legendary,3,dark_psychic
"['Tough Claws', 'Sniper', 'Pickpocket']",52,306,120,67,0.5,42,Binacle,688,39,56,50,rock,water,31.0,6,Non-legendary,3,rock_water
"['Tough Claws', 'Sniper', 'Pickpocket']",105,500,45,115,1.3,72,Barbaracle,689,54,86,68,rock,water,96.0,6,Non-legendary,3,rock_water
"['Poison Point', 'Poison Touch', 'Adaptability']",60,320,225,60,0.5,50,Skrelp,690,60,60,30,poison,water,7.3,6,Non-legendary,3,poison_water
"['Poison Point', 'Poison Touch', 'Adaptability']",75,494,55,90,1.8,65,Dragalge,691,97,123,44,poison,dragon,81.5,6,Non-legendary,3,poison_dragon
['Mega Launcher'],53,330,225,62,0.5,50,Clauncher,692,58,63,44,water,,8.3,6,Non-legendary,1,water
['Mega Launcher'],73,500,55,88,1.3,71,Clawitzer,693,120,89,59,water,,35.3,6,Non-legendary,1,water
"['Dry Skin', 'Sand Veil', 'Solar Power']",38,289,190,33,0.5,44,Helioptile,694,61,43,70,electric,normal,6.0,6,Non-legendary,3,electric_normal
"['Dry Skin', 'Sand Veil', 'Solar Power']",55,481,75,52,1.0,62,Heliolisk,695,109,94,109,electric,normal,21.0,6,Non-legendary,3,electric_normal
"['Strong Jaw', 'Sturdy']",89,362,45,77,0.8,58,Tyrunt,696,45,45,48,rock,dragon,26.0,6,Non-legendary,2,rock_dragon
"['Strong Jaw', 'Rock Head']",121,521,45,119,2.5,82,Tyrantrum,697,69,59,71,rock,dragon,270.0,6,Non-legendary,2,rock_dragon
"['Refrigerate', 'Snow Warning']",59,362,45,50,1.3,77,Amaura,698,67,63,46,rock,ice,25.2,6,Non-legendary,2,rock_ice
"['Refrigerate', 'Snow Warning']",77,521,45,72,2.7,123,Aurorus,699,99,92,58,rock,ice,225.0,6,Non-legendary,2,rock_ice
"['Cute Charm', 'Pixilate']",65,525,45,65,1.0,95,Sylveon,700,110,130,60,fairy,,23.5,6,Non-legendary,2,fairy
"['Limber', 'Unburden', 'Mold Breaker']",92,500,100,75,0.8,78,Hawlucha,701,74,63,118,fighting,flying,21.5,6,Non-legendary,3,fighting_flying
"['Cheek Pouch', 'Pickup', 'Plus']",58,431,180,57,0.2,67,Dedenne,702,81,67,101,electric,fairy,2.2,6,Non-legendary,3,electric_fairy
"['Clear Body', 'Sturdy']",50,500,60,150,0.3,50,Carbink,703,50,150,50,rock,fairy,5.7,6,Non-legendary,2,rock_fairy
"['Sap Sipper', 'Hydration', 'Gooey']",50,300,45,35,0.3,45,Goomy,704,55,75,40,dragon,,2.8,6,Non-legendary,3,dragon
"['Sap Sipper', 'Hydration', 'Gooey']",75,452,45,53,0.8,68,Sliggoo,705,83,113,60,dragon,,17.5,6,Non-legendary,3,dragon
"['Sap Sipper', 'Hydration', 'Gooey']",100,600,45,70,2.0,90,Goodra,706,110,150,80,dragon,,150.5,6,Non-legendary,3,dragon
"['Prankster', 'Magician']",80,470,75,91,0.2,57,Klefki,707,80,87,75,steel,fairy,3.0,6,Non-legendary,2,steel_fairy
"['Natural Cure', 'Frisk', 'Harvest']",70,309,120,48,0.4,43,Phantump,708,50,60,38,ghost,grass,7.0,6,Non-legendary,3,ghost_grass
"['Natural Cure', 'Frisk', 'Harvest']",110,474,60,76,1.5,85,Trevenant,709,65,82,56,ghost,grass,71.0,6,Non-legendary,3,ghost_grass
"['Pickup', 'Frisk', 'Insomnia']",66,335,120,70,0.8,59,Pumpkaboo,710,44,55,41,ghost,grass,15.0,6,Non-legendary,3,ghost_grass
"['Pickup', 'Frisk', 'Insomnia']",100,494,60,122,1.7,85,Gourgeist,711,58,75,54,ghost,grass,39.0,6,Non-legendary,3,ghost_grass
"['Own Tempo', 'Ice Body', 'Sturdy']",69,304,190,85,1.0,55,Bergmite,712,32,35,28,ice,,99.5,6,Non-legendary,3,ice
"['Own Tempo', 'Ice Body', 'Sturdy']",117,514,55,184,2.0,95,Avalugg,713,44,46,28,ice,,505.0,6,Non-legendary,3,ice
"['Frisk', 'Infiltrator', 'Telepathy']",30,245,190,35,0.5,40,Noibat,714,45,40,55,flying,dragon,8.0,6,Non-legendary,3,flying_dragon
"['Frisk', 'Infiltrator', 'Telepathy']",70,535,45,80,1.5,85,Noivern,715,97,80,123,flying,dragon,85.0,6,Non-legendary,3,flying_dragon
['Fairy Aura'],131,680,45,95,3.0,126,Xerneas,716,131,98,99,fairy,,215.0,6,Legendary,1,fairy
['Dark Aura'],131,680,45,95,5.8,126,Yveltal,717,131,98,99,dark,flying,203.0,6,Legendary,1,dark_flying
"['Aura Break', 'Power Construct']",100,708,3,121,5.0,216,Zygarde,718,91,95,85,dragon,ground,284.6,6,Legendary,2,dragon_ground
['Clear Body'],160,700,3,110,0.7,50,Diancie,719,160,110,110,rock,fairy,8.8,6,Legendary,1,rock_fairy
['Magician'],160,680,3,60,0.5,80,Hoopa,720,170,130,80,psychic,ghost,9.0,6,Legendary,1,psychic_ghost
['Water Absorb'],110,600,3,120,1.7,80,Volcanion,721,130,90,70,fire,water,195.0,6,Legendary,1,fire_water
"['Overgrow', 'Long Reach']",55,320,45,55,0.3,68,Rowlet,722,50,50,42,grass,flying,1.5,7,Non-legendary,2,grass_flying
"['Overgrow', 'Long Reach']",75,420,45,75,0.7,78,Dartrix,723,70,70,52,grass,flying,16.0,7,Non-legendary,2,grass_flying
"['Overgrow', 'Long Reach']",107,530,45,75,1.6,78,Decidueye,724,100,100,70,grass,ghost,36.6,7,Non-legendary,2,grass_ghost
"['Blaze', 'Intimidate']",65,320,45,40,0.4,45,Litten,725,60,40,70,fire,,4.3,7,Non-legendary,2,fire
"['Blaze', 'Intimidate']",85,420,45,50,0.7,65,Torracat,726,80,50,90,fire,,25.0,7,Non-legendary,2,fire
"['Blaze', 'Intimidate']",115,530,45,90,1.8,95,Incineroar,727,80,90,60,fire,dark,83.0,7,Non-legendary,2,fire_dark
"['Torrent', 'Liquid Voice']",54,320,45,54,0.4,50,Popplio,728,66,56,40,water,,7.5,7,Non-legendary,2,water
"['Torrent', 'Liquid Voice']",69,420,45,69,0.6,60,Brionne,729,91,81,50,water,,17.5,7,Non-legendary,2,water
"['Torrent', 'Liquid Voice']",74,530,45,74,1.8,80,Primarina,730,126,116,60,water,fairy,44.0,7,Non-legendary,2,water_fairy
"['Keen Eye', 'Skill Link', 'Pickup']",75,265,255,30,0.3,35,Pikipek,731,30,30,65,normal,flying,1.2,7,Non-legendary,3,normal_flying
"['Keen Eye', 'Skill Link', 'Pickup']",85,355,120,50,0.6,55,Trumbeak,732,40,50,75,normal,flying,14.8,7,Non-legendary,3,normal_flying
"['Keen Eye', 'Skill Link', 'Sheer Force']",120,485,45,75,1.1,80,Toucannon,733,75,75,60,normal,flying,26.0,7,Non-legendary,3,normal_flying
"['Stakeout', 'Strong Jaw', 'Adaptability']",70,253,255,30,0.4,48,Yungoos,734,30,30,45,normal,,6.0,7,Non-legendary,3,normal
"['Stakeout', 'Strong Jaw', 'Adaptability']",110,418,127,60,0.7,88,Gumshoos,735,55,60,45,normal,,14.2,7,Non-legendary,3,normal
['Swarm'],62,300,255,45,0.4,47,Grubbin,736,55,45,46,bug,,4.4,7,Non-legendary,1,bug
['Battery'],82,400,120,95,0.5,57,Charjabug,737,55,75,36,bug,electric,10.5,7,Non-legendary,1,bug_electric
['Levitate'],70,500,45,90,1.5,77,Vikavolt,738,145,75,43,bug,electric,45.0,7,Non-legendary,1,bug_electric
"['Hyper Cutter', 'Iron Fist', 'Anger Point']",82,338,225,57,0.6,47,Crabrawler,739,42,47,63,fighting,,7.0,7,Non-legendary,3,fighting
"['Hyper Cutter', 'Iron Fist', 'Anger Point']",132,478,60,77,1.7,97,Crabominable,740,62,67,43,fighting,ice,180.0,7,Non-legendary,3,fighting_ice
['Dancer'],70,476,45,70,0.6,75,Oricorio,741,98,70,93,fire,flying,3.4,7,Non-legendary,1,fire_flying
"['Honey Gather', 'Shield Dust', 'Sweet Veil']",45,304,190,40,0.1,40,Cutiefly,742,55,40,84,bug,fairy,0.2,7,Non-legendary,3,bug_fairy
"['Honey Gather', 'Shield Dust', 'Sweet Veil']",55,464,75,60,0.2,60,Ribombee,743,95,70,124,bug,fairy,0.5,7,Non-legendary,3,bug_fairy
"['Keen Eye', 'Vital Spirit', 'Steadfast']",65,280,190,40,0.5,45,Rockruff,744,30,40,60,rock,,9.2,7,Non-legendary,3,rock
"['Keen Eye', 'Sand Rush', 'Steadfast', 'Keen Eye', 'Vital Spirit', 'No Guard']",115,487,90,75,0.8,85,Lycanroc,745,55,75,82,rock,,25.0,7,Non-legendary,6,rock
['Schooling'],140,620,60,130,0.2,45,Wishiwashi,746,140,135,30,water,,0.3,7,Non-legendary,1,water
"['Merciless', 'Limber', 'Regenerator']",53,305,190,62,0.4,50,Mareanie,747,43,52,45,poison,water,8.0,7,Non-legendary,3,poison_water
"['Merciless', 'Limber', 'Regenerator']",63,495,75,152,0.7,50,Toxapex,748,53,142,35,poison,water,14.5,7,Non-legendary,3,poison_water
"['Own Tempo', 'Stamina', 'Inner Focus']",100,385,190,70,1.0,70,Mudbray,749,45,55,45,ground,,110.0,7,Non-legendary,3,ground
"['Own Tempo', 'Stamina', 'Inner Focus']",125,500,60,100,2.5,100,Mudsdale,750,55,85,35,ground,,920.0,7,Non-legendary,3,ground
"['Water Bubble', 'Water Absorb']",40,269,200,52,0.3,38,Dewpider,751,40,72,27,water,bug,4.0,7,Non-legendary,2,water_bug
"['Water Bubble', 'Water Absorb']",70,454,100,92,1.8,68,Araquanid,752,50,132,42,water,bug,82.0,7,Non-legendary,2,water_bug
"['Leaf Guard', 'Contrary']",55,250,190,35,0.3,40,Fomantis,753,50,35,35,grass,,1.5,7,Non-legendary,2,grass
"['Leaf Guard', 'Contrary']",105,480,75,90,0.9,70,Lurantis,754,80,90,45,grass,,18.5,7,Non-legendary,2,grass
"['Illuminate', 'Effect Spore', 'Rain Dish']",35,285,190,55,0.2,40,Morelull,755,65,75,15,grass,fairy,1.5,7,Non-legendary,3,grass_fairy
"['Illuminate', 'Effect Spore', 'Rain Dish']",45,405,75,80,1.0,60,Shiinotic,756,90,100,30,grass,fairy,11.5,7,Non-legendary,3,grass_fairy
"['Corrosion', 'Oblivious']",44,320,120,40,0.6,48,Salandit,757,71,40,77,poison,fire,4.8,7,Non-legendary,2,poison_fire
"['Corrosion', 'Oblivious']",64,480,45,60,1.2,68,Salazzle,758,111,60,117,poison,fire,22.2,7,Non-legendary,2,poison_fire
"['Fluffy', 'Klutz', 'Cute Charm']",75,340,140,50,0.5,70,Stufful,759,45,50,50,normal,fighting,6.8,7,Non-legendary,3,normal_fighting
"['Fluffy', 'Klutz', 'Unnerve']",125,500,70,80,2.1,120,Bewear,760,55,60,60,normal,fighting,135.0,7,Non-legendary,3,normal_fighting
"['Leaf Guard', 'Oblivious', 'Sweet Veil']",30,210,235,38,0.3,42,Bounsweet,761,30,38,32,grass,,3.2,7,Non-legendary,3,grass
"['Leaf Guard', 'Oblivious', 'Sweet Veil']",40,290,120,48,0.7,52,Steenee,762,40,48,62,grass,,8.2,7,Non-legendary,3,grass
"['Leaf Guard', 'Queenly Majesty', 'Sweet Veil']",120,510,45,98,1.2,72,Tsareena,763,50,98,72,grass,,21.4,7,Non-legendary,3,grass
"['Flower Veil', 'Triage', 'Natural Cure']",52,485,60,90,0.1,51,Comfey,764,82,110,100,fairy,,0.3,7,Non-legendary,3,fairy
"['Inner Focus', 'Telepathy', 'Symbiosis']",60,490,45,80,1.5,90,Oranguru,765,90,110,60,normal,psychic,76.0,7,Non-legendary,3,normal_psychic
"['Receiver', 'Defiant']",120,490,45,90,2.0,100,Passimian,766,40,60,80,fighting,,82.8,7,Non-legendary,2,fighting
['Wimp Out'],35,230,90,40,0.5,25,Wimpod,767,20,30,80,bug,water,12.0,7,Non-legendary,1,bug_water
['Emergency Exit'],125,530,45,140,2.0,75,Golisopod,768,60,90,40,bug,water,108.0,7,Non-legendary,1,bug_water
"['Water Compaction', 'Sand Veil']",55,320,140,80,0.5,55,Sandygast,769,70,45,15,ghost,ground,70.0,7,Non-legendary,2,ghost_ground
"['Water Compaction', 'Sand Veil']",75,480,60,110,1.3,85,Palossand,770,100,75,35,ghost,ground,250.0,7,Non-legendary,2,ghost_ground
"['Innards Out', 'Unaware']",60,410,60,130,0.3,55,Pyukumuku,771,30,130,5,water,,1.2,7,Non-legendary,2,water
['Battle Armor'],95,534,3,95,1.9,95,Type: Null,772,95,95,59,normal,,120.5,7,Non-legendary,1,normal
['RKS System'],95,570,3,95,2.3,95,Silvally,773,95,95,95,normal,,100.5,7,Non-legendary,1,normal
['Shields Down'],100,500,255,60,0.3,60,Minior,774,100,60,120,rock,flying,40.0,7,Non-legendary,1,rock_flying
['Comatose'],115,480,45,65,0.4,65,Komala,775,75,95,65,normal,,19.9,7,Non-legendary,1,normal
['Shell Armor'],78,485,70,135,2.0,60,Turtonator,776,91,85,36,fire,dragon,212.0,7,Non-legendary,1,fire_dragon
"['Iron Barbs', 'Lightningrod', 'Sturdy']",98,435,180,63,0.3,65,Togedemaru,777,40,73,96,electric,steel,3.3,7,Non-legendary,3,electric_steel
['Disguise'],90,476,45,80,0.2,55,Mimikyu,778,50,105,96,ghost,fairy,0.7,7,Non-legendary,1,ghost_fairy
"['Dazzling', 'Strong Jaw', 'Wonder Skin ']",105,475,80,70,0.9,68,Bruxish,779,70,70,92,water,psychic,19.0,7,Non-legendary,3,water_psychic
"['Berserk', 'Sap Sipper', 'Cloud Nine']",60,485,70,85,3.0,78,Drampa,780,135,91,36,normal,dragon,185.0,7,Non-legendary,3,normal_dragon
['Steelworker'],131,517,25,100,3.9,70,Dhelmise,781,86,90,40,ghost,grass,210.0,7,Non-legendary,1,ghost_grass
"['Bulletproof', 'Soundproof', 'Overcoat']",55,300,45,65,0.6,45,Jangmo-o,782,45,45,45,dragon,,29.7,7,Non-legendary,3,dragon
"['Bulletproof', 'Soundproof', 'Overcoat']",75,420,45,90,1.2,55,Hakamo-o,783,65,70,65,dragon,fighting,47.0,7,Non-legendary,3,dragon_fighting
"['Bulletproof', 'Soundproof', 'Overcoat']",110,600,45,125,1.6,75,Kommo-o,784,100,105,85,dragon,fighting,78.2,7,Non-legendary,3,dragon_fighting
"['Electric Surge', 'Telepathy']",115,570,3,85,1.8,70,Tapu Koko,785,95,75,130,electric,fairy,20.5,7,Legendary,2,electric_fairy
"['Psychic Surge', 'Telepathy']",85,570,3,75,1.2,70,Tapu Lele,786,130,115,95,psychic,fairy,18.6,7,Legendary,2,psychic_fairy
"['Grassy Surge', 'Telepathy']",130,570,3,115,1.9,70,Tapu Bulu,787,85,95,75,grass,fairy,45.5,7,Legendary,2,grass_fairy
"['Misty Surge', 'Telepathy']",75,570,3,115,1.3,70,Tapu Fini,788,95,130,85,water,fairy,21.2,7,Legendary,2,water_fairy
['Unaware'],29,200,45,31,0.2,43,Cosmog,789,29,31,37,psychic,,0.1,7,Legendary,1,psychic
['Sturdy'],29,400,45,131,0.1,43,Cosmoem,790,29,131,37,psychic,,999.9,7,Legendary,1,psychic
['Full Metal Body'],137,680,45,107,3.4,137,Solgaleo,791,113,89,97,psychic,steel,230.0,7,Legendary,1,psychic_steel
['Shadow Shield'],113,680,45,89,4.0,137,Lunala,792,137,107,97,psychic,ghost,120.0,7,Legendary,1,psychic_ghost
['Beast Boost'],53,570,45,47,1.2,109,Nihilego,793,127,131,103,rock,poison,55.5,7,Legendary,1,rock_poison
['Beast Boost'],139,570,25,139,2.4,107,Buzzwole,794,53,53,79,bug,fighting,333.6,7,Legendary,1,bug_fighting
['Beast Boost'],137,570,255,37,1.8,71,Pheromosa,795,137,37,151,bug,fighting,25.0,7,Legendary,1,bug_fighting
['Beast Boost'],89,570,30,71,3.8,83,Xurkitree,796,173,71,83,electric,,100.0,7,Legendary,1,electric
['Beast Boost'],101,570,25,103,9.2,97,Celesteela,797,107,101,61,steel,flying,999.9,7,Legendary,1,steel_flying
['Beast Boost'],181,570,255,131,0.3,59,Kartana,798,59,31,109,grass,steel,0.1,7,Legendary,1,grass_steel
['Beast Boost'],101,570,15,53,5.5,223,Guzzlord,799,97,53,43,dark,dragon,888.0,7,Legendary,1,dark_dragon
['Prism Armor'],107,600,3,101,2.4,97,Necrozma,800,127,89,79,psychic,,230.0,7,Legendary,1,psychic
['Soul-Heart'],95,600,3,115,1.0,80,Magearna,801,130,115,65,steel,fairy,80.5,7,Legendary,1,steel_fairy
